"age","actual_depth","sed.rate","sed.rate.error","ugP_ugsed","ugP_mgsed","ugN_ugsed","ugN_mgsed"
2022.59,0,NA,NA,0.00245529411764706,2.45529411764706,0.00380877396,3.80877396318166
2020.18,0.25,0.2001,0.013,0.00132125,1.32125,NA,NA
2018.56,0.5,NA,NA,0.00107298850574713,1.07298850574713,NA,NA
2016.94,0.75,NA,NA,0.000975365612648221,0.975365612648221,NA,NA
2015.32,1,NA,NA,0.00107806140350877,1.07806140350877,0.00322653342,3.22653341602787
2013.7,1.25,NA,NA,0.0010575809352518,1.0575809352518,NA,NA
2012.08,1.5,NA,NA,0.00260701081612586,2.60701081612586,0.00284687687,2.84687686537127
2010.46,1.75,NA,NA,0.00280614335971856,2.80614335971856,NA,NA
2008.84,2,0.1155,0.0076,0.00182390243902439,1.82390243902439,0.00291090713,2.91090712923507
2006.20375,2.25,NA,NA,0.00116983606557377,1.16983606557377,NA,NA
2003.5675,2.5,NA,NA,0.0010517626459144,1.0517626459144,0.00237699419,2.37699419295915
2000.93125,2.75,NA,NA,0.000925,0.925,NA,NA
1998.295,3,NA,NA,0.000953507552870091,0.953507552870091,0.00170247876,1.70247875565305
1995.65875,3.25,NA,NA,0.000830797038327526,0.830797038327526,NA,NA
1993.0225,3.5,NA,NA,0.000924006254343294,0.924006254343294,0.00242375326,2.42375325693974
1990.38625,3.75,NA,NA,0.000835688405797101,0.835688405797101,NA,NA
1987.75,4,0.0772,0.0051,0.000992058823529412,0.992058823529412,NA,NA
1984.645,4.25,NA,NA,0.000876611977030353,0.876611977030353,0.00191638736,1.91638736145382
1981.54,4.5,NA,NA,0.000843388312912347,0.843388312912347,0.00223668767,2.23668766999655
1978.435,4.75,NA,NA,0.000745151085930123,0.745151085930123,NA,NA
1975.33,5,NA,NA,0.00082455522971652,0.82455522971652,0.00220005167,2.20005167487685
1972.225,5.25,NA,NA,0.000751117021276596,0.751117021276596,NA,NA
1969.12,5.5,NA,NA,0.00077067000911577,0.77067000911577,NA,NA
1966.015,5.75,NA,NA,0.000792968659315148,0.792968659315148,0.00167240286,1.67240286400248
1962.91,6,0.1191,0.0148,0.000725272479564033,0.725272479564033,NA,NA
1961.27,6.25,NA,NA,0.000788060029282577,0.788060029282577,0.00168228746,1.68228746097815
1959.63,6.5,NA,NA,0.000706668273866924,0.706668273866924,NA,NA
1957.99,6.75,NA,NA,0.000808614130434783,0.808614130434783,0.00128740923,1.28740922711978
1956.35,7,NA,NA,0.000765362694300518,0.765362694300518,NA,NA
1954.71,7.25,NA,NA,0.00086026863084922,0.86026863084922,0.00095111147,0.951111469643431
1953.07,7.5,NA,NA,0.000742110249784668,0.742110249784668,NA,NA
1951.43,7.75,NA,NA,0.000785806145675265,0.785806145675265,0.00090979295,0.909792954205607
1949.79,8,NA,NA,0.000720039028620989,0.720039028620989,NA,NA
1949.51125,8.25,NA,NA,0.000776982394366197,0.776982394366197,0.00076504572,0.765045718109141
1949.2325,8.5,NA,NA,0.000716315352697095,0.716315352697095,NA,NA
1948.95375,8.75,NA,NA,0.000790475746268657,0.790475746268657,0.00072755735,0.727557353873239
1948.675,9,NA,NA,0.000716714995857498,0.716714995857498,NA,NA
1948.39625,9.25,NA,NA,0.000824625287356322,0.824625287356322,0.00074780908,0.747809083131278
1948.1175,9.5,NA,NA,0.000773450946643718,0.773450946643718,NA,NA
1947.83875,9.75,NA,NA,0.000819361080686382,0.819361080686382,0.00076930535,0.769305353550747
1947.56,10,0.4091,0.1721,0.000772578263437685,0.772578263437685,0.00073375908,0.73375908392283
1943.85875,10.25,NA,NA,0.000710591537132988,0.710591537132988,NA,NA
1940.1575,10.5,NA,NA,0.000805945098039216,0.805945098039216,0.00222274243,2.22274243211921
1936.45625,10.75,NA,NA,0.000886321308724832,0.886321308724832,NA,NA
1932.755,11,NA,NA,0.00108931555555556,1.08931555555556,0.0020170956,2.01709559667727
1929.05375,11.25,NA,NA,0.00134434762773723,1.34434762773723,0.00272591967,2.72591966851595
1925.3525,11.5,NA,NA,0.00179739341085271,1.79739341085271,NA,NA
1921.65125,11.75,NA,NA,0.00112710376687989,1.12710376687989,0.00248438094,2.48438094400527
1917.95,12,0.0328,0.0197,0.000804538664323374,0.804538664323374,NA,NA
1910.32804878049,12.25,NA,NA,0.000816999121265378,0.816999121265378,0.00282372217,2.82372216785351
1902.70609756098,12.5,NA,NA,NA,NA,NA,NA
1895.08414634146,12.75,NA,NA,0.000809809756097561,0.809809756097561,0.00265929219,2.65929219337922
1887.46219512195,13,NA,NA,NA,NA,NA,NA
1879.84024390244,13.25,NA,NA,0.000899393939393939,0.899393939393939,0.00262532985,2.62532985176309
1872.21829268293,13.5,NA,NA,NA,NA,NA,NA
1864.59634146341,13.75,NA,NA,0.00140713746856664,1.40713746856664,0.00257356625,2.57356624563852
1856.9743902439,14,NA,NA,NA,NA,NA,NA
1849.35243902439,14.25,NA,NA,0.00118169029850746,1.18169029850746,0.00247451455,2.47451454714384
1841.73048780488,14.5,NA,NA,NA,NA,NA,NA
1834.10853658537,14.75,NA,NA,0.000884489395129615,0.884489395129615,0.00239731768,2.39731767711268
1826.48658536585,15,NA,NA,NA,NA,NA,NA
1818.86463414634,15.25,NA,NA,0.000791997422680412,0.791997422680412,0.00246851043,2.46851043249661
1811.24268292683,15.5,NA,NA,NA,NA,NA,NA
1803.62073170732,15.75,NA,NA,0.000788671274961598,0.788671274961598,0.0027779889,2.77798889570552
1795.9987804878,16,NA,NA,NA,NA,NA,NA
1788.37682926829,16.25,NA,NA,0.000982866666666667,0.982866666666667,0.00263669133,2.63669132647731
1780.75487804878,16.5,NA,NA,NA,NA,NA,NA
1773.13292682927,16.75,NA,NA,0.000761655138339921,0.761655138339921,0.00290907034,2.90907034171697
1765.51097560976,17,NA,NA,NA,NA,NA,NA
1757.88902439024,17.25,NA,NA,0.000922012310606061,0.922012310606061,0.00260202776,2.6020277640882
1750.26707317073,17.5,NA,NA,NA,NA,NA,NA
1742.64512195122,17.75,NA,NA,0.000844708209693373,0.844708209693373,0.00219871578,2.19871577528876
1735.02317073171,18,NA,NA,NA,NA,NA,NA
1727.4012195122,18.25,NA,NA,0.000767905213270142,0.767905213270142,0.00243862905,2.43862904931689
1719.77926829268,18.5,NA,NA,NA,NA,NA,NA
1712.15731707317,18.75,NA,NA,0.000787008403361344,0.787008403361344,0.00252819108,2.52819108278364
1704.53536585366,19,NA,NA,NA,NA,NA,NA
1696.91341463415,19.25,NA,NA,0.000998890339425587,0.998890339425587,0.00231958693,2.31958693426166
1689.29146341463,19.5,NA,NA,NA,NA,NA,NA
1681.66951219512,19.75,NA,NA,0.00131683720930233,1.31683720930233,0.00265098044,2.65098043589744
1674.04756097561,20,NA,NA,NA,NA,NA,NA
1666.4256097561,20.25,NA,NA,0.000934522661523626,0.934522661523626,0.00202106665,2.0210666457215
1658.80365853659,20.5,NA,NA,NA,NA,NA,NA
1651.18170731707,20.75,NA,NA,0.000669765694076039,0.669765694076039,0.00213833046,2.1383304556331
1643.55975609756,21,NA,NA,NA,NA,NA,NA
1635.93780487805,21.25,NA,NA,0.000651043000914913,0.651043000914913,0.00201014905,2.01014904793103
1628.31585365854,21.5,NA,NA,NA,NA,NA,NA
1620.69390243902,21.75,NA,NA,0.00107836604095563,1.07836604095563,0.00213217482,2.13217481950559
1613.07195121951,22,NA,NA,NA,NA,NA,NA
1605.45,22.25,NA,NA,0.000834658753709199,0.834658753709199,0.0020585099,2.05850989517955
1597.82804878049,22.5,NA,NA,NA,NA,NA,NA
1590.20609756098,22.75,NA,NA,NA,NA,NA,NA
1582.58414634146,23,NA,NA,0.000813536371603856,0.813536371603856,0.0020654396,2.06543960332295
1574.96219512195,23.25,NA,NA,NA,NA,NA,NA
1567.34024390244,23.5,NA,NA,0.00082454851104707,0.82454851104707,0.00195231275,1.95231275385625
1559.71829268293,23.75,NA,NA,NA,NA,NA,NA
1552.09634146341,24,NA,NA,0.000742971512770138,0.742971512770138,0.00223330177,2.23330177494349
1544.4743902439,24.25,NA,NA,NA,NA,NA,NA
1536.85243902439,24.5,NA,NA,0.0006447064305685,0.6447064305685,0.0019869704,1.98697040342782
1529.23048780488,24.75,NA,NA,NA,NA,NA,NA
1521.60853658537,25,NA,NA,0.000593411996066863,0.593411996066863,0.00181528887,1.81528886682643
1513.98658536585,25.25,NA,NA,NA,NA,NA,NA
1506.36463414634,25.5,NA,NA,0.000521666666666667,0.521666666666667,0.00117857823,1.17857822909324
1498.74268292683,25.75,NA,NA,NA,NA,NA,NA
1491.12073170732,26,NA,NA,0.000491339691189827,0.491339691189827,0.00069385921,0.693859208929092
1483.4987804878,26.25,NA,NA,NA,NA,NA,NA
1475.87682926829,26.5,NA,NA,0.00053840206185567,0.53840206185567,0.00080776396,0.807763956733897
1468.25487804878,26.75,NA,NA,NA,NA,NA,NA
1460.63292682927,27,NA,NA,NA,NA,NA,NA
1453.01097560976,27.25,NA,NA,NA,NA,NA,NA
1445.38902439024,27.5,NA,NA,0.000536435272045028,0.536435272045028,0.00078767934,0.787679344477612
1437.76707317073,27.75,NA,NA,NA,NA,NA,NA
1430.14512195122,28,NA,NA,0.00057678313253012,0.57678313253012,0.000684537,0.684536998549042
1422.52317073171,28.25,NA,NA,NA,NA,NA,NA
1414.9012195122,28.5,NA,NA,0.000574401279707495,0.574401279707495,0.0008810587,0.881058701712226
1407.27926829268,28.75,NA,NA,NA,NA,NA,NA
1399.65731707317,29,NA,NA,0.000564951197870453,0.564951197870453,0.00096352912,0.963529125042941
1392.03536585366,29.25,NA,NA,NA,NA,NA,NA
1384.41341463415,29.5,NA,NA,0.000574365853658537,0.574365853658537,0.00088514032,0.885140323290148
1376.79146341463,29.75,NA,NA,NA,NA,NA,NA
1369.16951219512,30,NA,NA,0.000555599669148056,0.555599669148056,0.00099773713,0.997737125278219
1361.54756097561,30.25,NA,NA,NA,NA,NA,NA
1353.9256097561,30.5,NA,NA,0.000606473913043478,0.606473913043478,0.00069224478,0.692244776595745
1346.30365853659,30.75,NA,NA,NA,NA,NA,NA
1338.68170731707,31,NA,NA,0.000602591133004926,0.602591133004926,0.00123512317,1.23512317397035
1331.05975609756,31.25,NA,NA,NA,NA,NA,NA
1323.43780487805,31.5,NA,NA,0.000617829937998229,0.617829937998228,0.00145337543,1.45337542764177
1315.81585365854,31.75,NA,NA,NA,NA,NA,NA
1308.19390243902,32,NA,NA,0.00059409338168631,0.59409338168631,0.00121751527,1.21751527111111
1300.57195121951,32.25,NA,NA,0.000596512096774194,0.596512096774194,0.00114495743,1.14495742752416
1292.95,32.5,NA,NA,NA,NA,NA,NA
1285.32804878049,32.75,NA,NA,NA,NA,NA,NA
1277.70609756098,33,NA,NA,0.000649896324222432,0.649896324222432,0.00148356017,1.48356017096774
1270.08414634146,33.25,NA,NA,NA,NA,NA,NA
1262.46219512195,33.5,NA,NA,0.000585987903225806,0.585987903225806,0.00141733126,1.41733125564142
1254.84024390244,33.75,NA,NA,NA,NA,NA,NA
1247.21829268293,34,NA,NA,0.000621727423363712,0.621727423363712,0.0014924374,1.49243740165101
1239.59634146341,34.25,NA,NA,NA,NA,NA,NA
1231.9743902439,34.5,NA,NA,0.000670090132827324,0.670090132827324,0.00130016828,1.30016827626084
1224.35243902439,34.75,NA,NA,NA,NA,NA,NA
1216.73048780488,35,NA,NA,0.000619005235602094,0.619005235602094,0.00123412178,1.23412178125
1209.10853658537,35.25,NA,NA,NA,NA,NA,NA
1201.48658536585,35.5,NA,NA,0.000798322841726619,0.798322841726619,0.00174487558,1.74487558199465
1193.86463414634,35.75,NA,NA,NA,NA,NA,NA
1186.24268292683,36,NA,NA,0.000948338788870704,0.948338788870704,0.00178024427,1.78024426520681
1178.62073170732,36.25,NA,NA,NA,NA,NA,NA
1170.99878048781,36.5,NA,NA,0.00112579136690647,1.12579136690647,0.00200817834,2.00817834124527
1163.37682926829,36.75,NA,NA,NA,NA,NA,NA
1155.75487804878,37,NA,NA,0.000919121338912134,0.919121338912134,0.00194355381,1.94355380779661
1148.13292682927,37.25,NA,NA,NA,NA,NA,NA
1140.51097560976,37.5,NA,NA,0.000716518348623853,0.716518348623853,0.00195188703,1.95188703030303
1132.88902439024,37.75,NA,NA,NA,NA,NA,NA
1125.26707317073,38,NA,NA,NA,NA,NA,NA
1117.64512195122,38.25,NA,NA,0.000663700787401575,0.663700787401575,0.00164392755,1.64392755252791
1110.02317073171,38.5,NA,NA,NA,NA,NA,NA
1102.4012195122,38.75,NA,NA,NA,NA,NA,NA
1094.77926829268,39,NA,NA,0.000646566068515498,0.646566068515498,0.00131112325,1.31112324992071
1087.15731707317,39.25,NA,NA,NA,NA,NA,NA
1079.53536585366,39.5,NA,NA,0.000671560721062619,0.671560721062619,0.00151589215,1.51589215021893
1071.91341463415,39.75,NA,NA,NA,NA,NA,NA
1064.29146341463,40,NA,NA,0.000663255494505494,0.663255494505494,0.00123702427,1.23702426559486
1056.66951219512,40.25,NA,NA,0.00067234185169669,0.67234185169669,NA,NA
1049.04756097561,40.5,0.0328,0,0.000706368227731864,0.706368227731864,0.00158007441,1.58007441089596
