"Date","TN_kg_m2","TP_kg_m2","TN_dry_kg","TP_dry_kg"
2007-09-01,0.00000626402011064831,0.000000701559490954183,174.20659729249,19.5108396139441
2007-09-24,0.0000143422367651267,0.000000894725512702299,398.867216305501,24.8829161345898
2007-10-04,0.0000114729175892658,0.000000327466039235636,319.069527067067,9.1070500120385
2007-10-22,0.0000109249133127723,0.000000253917236335888,303.829160876768,7.06160851252596
2007-11-14,0,0,0,0
2007-11-21,0.00000542679813042511,0.000000116906743823726,150.922892933809,3.25125489419417
2007-12-04,0.00000461488455692983,0.0000000841741470859432,128.343032327397,2.34093944221422
2007-12-12,0.0000207030944167117,0.0000000649213141076595,575.766930509936,1.80550525424187
2008-01-02,0.0000495432033957585,0.000000134571380878191,1377.82968925551,3.74252028914943
2008-01-14,0.0000132550538933579,0.000000091493116276112,368.631932034373,2.544484880413
2008-01-22,0.00000972261613303234,0.000000147709134844679,270.392470553759,4.10789003160558
2008-02-01,0.0000073100569139296,0.0000000875457060188865,203.297581823746,2.4347047556877
2008-02-11,0.00000769830599980923,0.0000000487330068996216,214.095049098481,1.35529758172118
2008-02-28,0.0000150633302247941,0.0000000772809545006518,418.921308680618,2.14923513674366
2008-03-06,0.00000449324190963721,0.0000000221960605386156,124.96006878383,0.617287318914776
2008-03-19,0.0000115508524069187,0.0000000757940733204032,321.236946576279,2.10788397464426
2008-04-08,0.0000165727203904486,0.000000314895043082891,460.898460749212,8.75744218421176
2008-04-17,0.0000154090145782328,0.000000271971337954278,428.535022220176,7.56370517801497
2008-05-02,0,0,0,0
2008-05-13,0,0,0,0
2008-05-16,0.0000038038059203205,0.0000000943699325935582,105.786391875341,2.62449107018335
2008-05-22,0.0000135984425153413,0.000000524000548472227,378.181799743609,14.5728064272286
2008-05-27,0.00000556591425391879,0.0000000914874630377412,154.791805560887,2.54432766006522
2008-06-02,0.00000748621629677912,0.000000205263465390608,208.196692319127,5.7085145357973
2008-06-10,0.0000150269493974754,0.000000398173571587549,417.909533491215,11.0734738734556
2008-06-13,0,0,0,0
2008-06-26,0.00000387072758894789,0.000000490216373088296,107.647528329373,13.6332458683532
2008-07-03,0.00000625271155766113,0.00000182942345235446,173.89209885516,50.8774922513403
2008-07-10,0.00000652273989380306,0.00000310940324949922,181.401767850615,86.4745882256446
2008-07-18,0.00000445978010238148,0.00000104403248863311,124.029473498644,29.0352431976405
2008-07-23,0.00000290352676862421,0.000000299722349050905,80.7490253183959,8.3354793947598
2008-07-31,0.000010170342510572,0.00000323815622714699,282.844041169998,90.0552948215838
2008-08-07,0.00000272109196209977,0.000000378151950653397,75.6753910849569,10.5166591772049
2008-08-14,0.00000558282963975708,0.00000125583431369432,155.262233777388,34.9255938977491
2008-08-22,0.00000372057699278242,0.000000845692521700423,103.47173962222,23.5192757939418
2008-09-01,0.00000534103906712028,0.00000132024905090458,148.53787590937,36.7170109089771
2008-09-08,0.00000146209827509459,0.000000154445148008012,40.6619328980867,4.29522307201312
2008-09-11,0.000000690612279418778,0.0000000776396680550698,19.2063903245521,2.15921120109435
2008-09-18,0.00000164506860513179,0.000000276223789386665,45.7504603993124,7.68196870225372
2008-09-23,0.00000209912229181902,0.000000194767962862866,58.3779977233753,5.41662757663436
2008-10-01,0.00000283955781374201,0.000000441985666592477,78.9700058124654,12.291917597493
2008-10-08,0.00000322273409430543,0.000000672239356459254,89.6263949716688,18.6954270238988
2008-10-15,0.00000132089202251121,0.000000339204039617182,36.7348923802635,9.43349166921183
2008-10-23,0.00000259133965851642,0.00000021146133032336,72.0668925650218,5.88088131325669
2008-11-06,0.00000456648992400878,0.000000424861576738419,126.997145152791,11.8156851824445
2008-11-13,0.00000320446920606658,0.0000000559256812184032,89.1184361890001,1.5553306749065
2008-11-24,0.00000119353044577279,0.000000109300761502019,33.1928815761013,3.03972742845712
2008-12-04,0.00000110991059743728,0.0000000588201837779403,30.8673575536161,1.63582873092235
2008-12-12,0.00000121820508091953,0.0000000271702171632063,33.8790997159568,0.755621948220451
2008-12-17,0.0000014403720930972,0.000000100636097421386,40.0577132163061,2.79875731349793
2009-01-21,0.00000039651112842199,0.0000000385606022066071,11.0272402148867,1.07239618987543
2009-01-30,0.00000129212862548091,0.0000000541443388127564,35.9349630322233,1.50579034878701
2009-02-04,0.000000904920097930113,0.0000000721264188738037,25.1664343819733,2.00588404649897
2009-02-13,0.00000328313446949223,0.0000000277637594989031,91.3061698846828,0.772128758355848
2009-02-20,0.00000137278811484531,0.0000000191353216113955,38.1781574877515,0.532166118105525
2009-02-27,0.00000147403869511303,0.0000000358509745318114,40.9940039810195,0.997039628303521
2009-03-06,0.00000108245424628788,0.0000000456710199993641,30.1037780274784,1.27014167394539
2009-03-11,0.0000015257067644908,0.000000114233925789323,42.4309276172753,3.17692203339065
2009-03-19,0.000000978913726113637,0.0000000326251120791072,27.2242467707402,0.907326231588221
2009-03-27,0.00000335791244793488,0.000000139282226320308,93.3857955798113,3.87353205800484
2009-04-06,0.00000327032603096881,0.0000000702436679278878,90.9499586253987,1.95352348091271
2009-04-13,0.00000309606383262853,0.000000581870465168039,86.1036101026724,16.1822075937478
2009-04-22,0.00000389637415026549,0.000000419393723569998,108.360776387405,11.6636205213898
2009-04-30,0.0000109136416886586,0.00000116877672729007,303.515689456159,32.5044640756721
2009-05-08,0.00000862703053956949,0.000000870744634510826,239.92350096099,24.2159918406016
2009-05-16,0.00000393489080792344,0.000000315126463387492,109.431950449931,8.76387813797576
2009-05-21,0.00000565428922768752,0.00000080101068328511,157.249572808456,22.2766439227777
2009-05-28,0.00000392144933229468,0.000000493468117070999,109.058134004499,13.7236790477631
2009-06-04,0.00000909347869702076,0.00000168437327906903,252.895736823516,46.8435497226779
2009-06-10,0.00000510970082032368,0.000000471184350259133,142.104204227899,13.1039525586103
2009-06-19,0.00000496072775428444,0.00000101823545515246,137.961163422712,28.3178104079108
2009-06-24,0.00000494087882738228,0.00000077940539887444,137.409151463227,21.6757864839069
2009-07-01,0.00000608365637976535,0.00000158825327016629,169.190561060632,44.1703878574717
2009-07-09,0.00000493284369336428,0.000000865606336841436,137.185689001207,24.0730923388361
2009-07-15,0.00000278564762805634,0.000000188283043464437,77.4707274190671,5.2362776221066
2009-07-29,0.00000348408931353534,0.000000294204136593431,96.8948587732583,8.1820142081268
2009-08-06,0.00000382092365902515,0.000000384548853772535,106.262447660668,10.6945613400189
2009-08-12,0.00000293264417188643,0.00000014103528822613,81.5587998169932,3.92228588447119
2009-08-18,0.00000299562929636578,0.000000105872849829894,83.310458340078,2.94439490754057
2009-08-27,0.00000349544804616705,0.000000418015039267432,97.2107527401314,11.6252783869701
2009-09-03,0.00000275976405201742,0.000000394636698356173,76.7508878227932,10.9751110585525
2009-09-10,0.00000238122946806143,0.000000205586086292964,66.2235873570101,5.7174868393056
2009-09-18,0.00000170094312104544,0.000000089769005754984,47.3043681328036,2.49653621135759
2009-09-23,0.00000108290046739372,0.0000000735894502559537,30.1161877354801,2.04657192972961
2009-10-01,0.00000344891098216273,0.000000333069304632603,95.9165258020035,9.26288057791951
2009-10-09,0.00000383302751899781,0.000000664230898858542,106.599064118262,18.472706450922
2009-10-14,0.00000208859750087438,0.000000191262980509364,58.0852962337098,5.31915166841755
2009-10-23,0.00000216632259705574,0.0000000685801468951703,60.2468832482485,1.90725984613581
2009-10-29,0.00000274629453753458,0.000000110433431369432,76.3762915980381,3.07122773656154
2009-11-06,0.00000191548119932594,0.0000000938828065880258,53.2708158687205,2.61094376950782
2009-11-12,0.00000110673495914279,0.000000104816886585482,30.7790409243999,2.91502786202898
2009-11-19,0.00000155093599567581,0.000000029249171727449,43.1325694446341,0.813439067923942
2009-11-24,0.00000104257290388223,0.000000112010304918763,28.9946511675352,3.11508164675613
2009-12-02,0.00000219513694318146,0.0000000673981749387937,61.0482295247773,1.87438841389607
2009-12-09,0.00000140790307144447,0.0000000739134876474516,39.154727964084,2.05558362675026
2009-12-16,0.00000228492802136657,0.0000000926010715080601,63.5453795852092,2.57529785794191
2009-12-23,0.00000262452963021844,0.0000000156940844488252,72.9899279212802,0.436463006369219
2009-12-30,0.00000262426115544816,0.0000000349492989094146,72.9824614579926,0.97196342496051
2010-01-06,0.00000234379917967632,0.0000000508684874884741,65.1826259520233,1.41468672805163
2010-01-13,0.00000182581194238657,0.0000000371718450923659,50.7770537387748,1.03377392381239
2010-01-20,0.00000227020476296461,0.0000000152990365966106,63.1359159018307,0.425476460846318
2010-01-27,0.00000178727309147563,0.0000000195094814155353,49.7052624670091,0.542571753012733
2010-02-04,0.00000344159131983085,0.0000000679436901847318,95.7129610870692,1.88955955847853
2010-02-10,0.00000161503838987632,0.0000000264475247209946,44.9152999874349,0.735523387069174
2010-02-17,0.00000221358441067057,0.0000000282239658516422,61.5612659587566,0.784927405446203
2010-02-24,0.000000579979485548949,0.0000000211419923054911,16.1296181832459,0.587972974937082
2010-03-04,0.00000250560713808782,0.0000000439108676989603,69.682613715759,1.22119065885388
2010-03-10,0.00000265273787160981,0.0000000447290706177864,73.774418018948,1.24394543036893
2010-03-17,0.00000136793110711901,0.0000000683084051381514,38.0430808478179,1.89970252575747
2010-03-24,0.00000254730408413087,0.000000120692666369909,70.842233729638,3.35654393744969
2010-04-02,0.00000816174840386633,0.000000172493650440368,226.983692944722,4.79716402038603
2010-04-07,0.00000214371091857175,0.0000000797727337763505,59.6180373157343,2.21853318833923
2010-04-16,0.00000552388460939239,0.00000044835223681282,153.622932979218,12.4689761820631
2010-04-21,0.00000346719209405106,0.000000340071250516677,96.4249357752372,9.45760938551339
2010-04-30,0.0000170375704429112,0.00000175669972337922,473.826252240986,48.8549966106158
2010-05-07,0.00000536393337254777,0.000000800228482401196,149.174581886594,22.2548903919814
2010-05-12,0.0000026862332898795,0.000000428011471813297,74.7059480489574,11.9032858754708
2010-05-19,0.00000930785272646339,0.00000203115751645417,258.85762225131,56.4878517719067
2010-05-26,0.0000041432382595148,0.000000611121244157578,115.226232708794,16.9956913607077
2010-06-02,0.00000457614644367429,0.0000000668157133318495,127.265699436287,1.85818976625336
2010-06-07,0.00000310901573081937,0.000000357232231089632,86.463811071451,9.93486775617778
2010-06-18,0.0000131330305872627,0.00000117900469301453,365.238382114396,32.7889106570382
2010-06-22,0.00000322669913198308,0.000000358939695081237,89.7366653267698,9.98235347409102
2010-07-06,0.00000619870536071985,0.00000237075137038568,172.390150324399,65.9321844384455
2010-07-13,0.00000440957571142412,0.00000112318094178246,122.633255740186,31.2364147233628
2010-07-21,0.00000296710160567232,0.000000482910937649041,82.5170841432308,13.4300768128374
2010-07-28,0.00000421636177546024,0.000000981536606149248,117.259846693089,27.2971908223299
2010-08-02,0.00000344866208546628,0.000000214884820832406,95.9096038180699,5.97609087866504
2010-08-12,0.0000114436169946902,0.00000128016419191759,318.254657895271,35.6022241165141
2010-08-16,0.00000103597409621316,0.000000148918493847572,28.8111339038753,4.14152311596317
2010-08-25,0.00000815085145782328,0.00000195716323169375,226.68064157236,54.4300211232962
2010-08-30,0.00000261817903723252,0.000000421551890241964,72.8133136743072,11.7236405828954
2010-09-07,0.000003057863603701,0.0000002232806826492,85.0412361352025,6.20958542252121
2010-09-14,0.00000318708583192903,0.000000292975589011478,88.6349929042609,8.14784747652578
2010-09-22,0.00000386841204413214,0.000000226731359893167,107.583131476217,6.3055510692477
2010-09-29,0.00000951585122094687,0.00000127375079806683,264.642199779139,35.4238633354021
2010-10-05,0.00000530829814632285,0.0000013336809640393,147.627328959713,37.0905614150411
2010-10-12,0.00000443895527328225,0.000000719339820673429,123.450321045029,20.0053224994417
2010-10-20,0.00000129909613366825,0.0000000825896696448444,36.1287341043916,2.29687406269359
2010-10-28,0.00000277709235000477,0.0000000807603653301962,77.2327994028844,2.24599988374171
2010-11-03,0.00000236082259069664,0.0000000109083971892786,65.6560584212326,0.303369836413648
2010-11-09,0.00000191922654287622,0.0000000811120155161998,53.3749763829049,2.25577951108307
2010-11-18,0.00000418197996884042,0.000000128780057867794,116.303665609024,3.58145971500664
2010-11-22,0.00000160913037741248,0.0000000971775937172109,44.7509942013893,2.70257400766793
2010-12-02,0.00000299531464500334,0.0000000717056754952148,83.3017076748158,1.99418289116699
2010-12-08,0.00000173529906362278,0.000000034822721058154,48.2598299205142,0.96844321008712
2010-12-15,0.00000114991375472958,0.0000000700302454611936,31.9798721671948,1.94758805908267
2010-12-22,0.00000112567678134241,0.0000000844212934405901,31.3058256941845,2.34781274796927
2010-12-30,0.00000158316571174208,0.000000104026555594417,44.028899448119,2.89304822750413
2011-01-06,0.00000295941868303075,0.0000000318950430828908,82.3034169156346,0.887022523526462
2011-01-13,0.00000220005700613653,0.0000000414089567899272,61.1850597728812,1.15161083974527
2011-01-19,0.000000673698551715367,0.000000091708543448539,18.7360082218934,2.55047605445298
2011-01-26,0.000000955789197481797,0.000000250891070236241,26.5811381319129,6.9774488052215
2011-02-03,0.00000156710781851134,0.0000000542679215287272,43.5823186757077,1.50922726694071
2011-02-11,0.00000128790253092112,0.0000000504744396044641,35.8174325102753,1.40372799231465
2011-02-18,0.00000171178813869193,0.0000000622678849639121,47.6059753416569,1.7317116114815
2011-02-25,0.00000218337685288226,0.0000000655147562875584,60.7211735321899,1.82200927897741
2011-03-04,0.00000139335885345458,0.00000000920225112079107,38.7502435145543,0.255920770825574
2011-03-09,0.00000164432130456901,0.0000000133195764840546,45.7296774698362,0.370426348523338
2011-03-17,0.00000207651346539061,0.000000029153216113955,57.7492311084382,0.810770478005227
2011-03-23,0.00000243482603414836,0.0000000595465390607612,67.7141437791861,1.65602915812572
2011-04-01,0.00000263242329655655,0.0000000386730310641951,73.2094560723133,1.07552291175242
2011-04-08,0.000001967463215796,0.00000005268815141013,54.716470584014,1.46529280121361
2011-04-15,0.00000248257719786334,0.0000000942461384375696,69.0421356439317,2.62104827174105
2011-04-22,0.00000438326147340307,0.0000000841898286223014,121.901439145569,2.34137555624978
2011-04-30,0.00000373571337159391,0.00000013087286572764,103.892692461052,3.63966210414503
2011-05-05,0.00000396557649677276,0.000000143582728689072,110.285340021738,3.99313191098698
2011-05-11,0.00000394711907411529,0.000000506914667260183,109.772026727855,14.0976366201212
2011-05-17,0.00000556011158309752,0.000000506273377635051,154.630429396519,14.0798019258674
2011-05-25,0.00000475460557851897,0.000000272911341451782,132.2287675759,7.58984730525126
2011-06-04,0.0000101770419350736,0.000000280474832278783,283.030356655202,7.80019305404362
2011-06-11,0.00000408254329274109,0.00000056628111029856,113.538265006319,15.7486571871678
2011-06-14,0.00000419958488760294,0.000000524737844583638,116.793270198258,14.5933111262074
2011-06-21,0.00000618979086356555,0.000000297504985533051,172.142232184228,8.27381302929761
2011-06-30,0.00000775448367301517,0.00000154900098566023,215.657387839441,43.0787555192976
2011-07-06,0.00000367747129503037,0.000000831657370194906,102.272941279197,23.1289488245082
2011-07-15,0.00000868393164764237,0.000000940496725064386,241.50595891043,26.1558442252893
2011-07-22,0.00000417157741566246,0.00000052676979746272,116.014363633571,14.649821097547
2011-07-29,0.00000302629025309211,0.000000291764856443356,84.1631600949698,8.11417619239864
2011-08-05,0.00000334908245683762,0.000000332237919303043,93.140227609721,9.23975919472737
2011-08-12,0.00000374911898190837,0.000000391731296302184,104.265511468057,10.8943098802913
2011-08-18,0.0000037506241057518,0.000000542034816063082,104.307369970845,15.0743514951195
2011-08-25,0.0000028770251502337,0.000000416603096880862,80.011997550125,11.5860113229453
2011-09-02,0.00000533151717115513,0.000000320110945597914,148.273065601204,8.90249992874342
2011-09-08,0.00000110347494515278,0.000000146498028679533,30.6883777505444,4.07420835749483
2011-09-16,0.0000173733268417538,0.00000186864939906521,483.163862709721,51.968392117776
2011-09-22,0.00000256551299799688,0.0000000986538234078408,71.3486358274854,2.74362894470263
2011-09-28,0.00000195646816158469,0.00000025311286445582,54.4106907577419,7.03923839146806
2011-10-06,0.00000718233346793425,0.000000697709535467871,199.745507193031,19.40376977171
2011-10-14,0.00000283569976471336,0.000000131160230199358,78.8627108833948,3.64765390268917
2011-10-20,0.000000279102464150584,0.0000000120797430924295,7.76202657666596,0.335945750991818
2011-10-27,0.00000419704879018155,0.000000489898397507233,116.72273962933,13.6244027543433
2011-11-03,0.000000826004292391339,0.000000310476964166481,22.9717329422164,8.63457244864226
2011-11-10,0.00000328089561540174,0.000000155270865791231,91.243905851993,4.31818683694322
2011-11-18,0.00000229654473466662,0.00000013130537820737,63.8684481673622,3.65169056606716
2011-11-28,0.0000028118465931131,0.000000233576573081937,78.1993381952943,6.4959210355462
2011-12-06,0.00000148188348542177,0.0000000297937601348129,41.2121728569199,0.828584436504499
2011-12-16,0.00000349460962290547,0.0000000529608454421163,97.1874356273331,1.47287660499699
2012-01-03,0.00000360851901847318,0.000000147074161393914,100.355332257767,4.09023099439387
2012-01-11,0.00000159390226065944,0.000000211666916791199,44.3274900689215,5.88659881070704
2012-01-27,0.00000187333325013513,0.0000000865343709262027,52.0986531550496,2.40657884898452
2012-02-01,0.000000656075714603669,0.0000000125690343709262,18.24590531136,0.3495532693596
2012-02-09,0.0000014592232997361,0.0000000176829989507488,40.5819779066186,0.491776051596646
2012-02-15,0.00000270466175002385,0.0000000317975581062605,75.2184558759406,0.884311400993979
2012-02-22,0.00000203333312136339,0.0000000172433563320721,56.5483568024772,0.479549295731953
2012-02-29,0.00000113221270547836,0.0000000184485310482974,31.4875941246452,0.513066012273084
2012-03-07,0.00000122965906012527,0.0000000350706400432419,34.1976425538861,0.975338003212537
2012-03-15,0.00000147774215764205,0.000000055407770818098,41.0969997559346,1.54092723958129
2012-03-22,0.00000271263234873295,0.0000000696162284188102,75.4401235677694,1.93607396766842
2012-03-28,0.00000228773250453086,0.0000000600553241550348,63.6233741415141,1.67017881257461
2012-04-04,0.00000134656322533465,0.0000000366086928873486,37.448825735087,1.01811228357802
2012-04-11,0.00000171195589965343,0.0000000676328256653207,47.6106408864259,1.8809142078588
2012-04-19,0.00000631509681727131,0.000000255524148675718,175.627074734217,7.1062978216157
2012-04-27,0.0000135080496645576,0.00000229703189087787,375.667913983913,63.881996308079
2012-05-03,0.00000324599090648946,0.000000233175733680964,90.2731825047362,6.48477342317095
2012-05-10,0.00000339220231471177,0.000000285066770531939,94.3394197552287,7.92789793428493
2012-05-16,0.00000230655940987568,0.000000354379828940256,64.1469629965521,9.85554054078334
2012-05-25,0.00000620959015611586,0.000000675543861880385,172.692863779124,18.7873275342709
2012-06-01,0.00000579743728339322,0.00000047618835649105,161.230616172466,13.2431173255003
2012-06-09,0.00000485067565419224,0.000000458529935455153,134.90054076453,12.7520248021873
2012-06-13,0.00000238685765158501,0.000000217803567454135,66.3801109126918,6.05726317829831
2012-06-21,0.00000399210835903469,0.000000617555880576134,111.023208892342,17.1746429118665
2012-06-28,0.0000112119748179708,0.00000280459572032686,311.812533718961,77.9976865637256
2012-07-05,0.00000689247305332104,0.0000013151715366761,191.684294804246,36.5758018354391
2012-07-12,0.00000220198276684366,0.000000776965438300849,61.2386164687511,21.6079295451448
2012-07-19,0.00000317466121903914,0.000000182133795427808,88.2894560930771,5.06526291311045
2012-07-25,0.0000013000817144129,0.00000016185049759944,36.1561437654159,4.50117080706125
2012-08-01,0.00000317466455756574,0.000000168278433118184,88.2895489397391,4.67993600170555
2012-08-10,0.00000341879431496614,0.000000511761788178436,95.0789611037054,14.2324383012969
2012-08-17,0.00000334828940256272,0.000000455776445899971,93.1181722388475,12.6754484123265
2012-08-23,0.00000317650408572064,0.000000304407808972688,88.3407074505404,8.46578517528189
2012-08-30,0.00000815402769387301,0.00000156648453149343,226.76897482555,43.5649846460259
2012-09-07,0.00000697307017264952,0.00000147694524816381,193.925754707276,41.0748371692727
2012-09-14,0.00000379855171536676,0.000000471173889542463,105.64026891432,13.1036616390691
2012-09-20,0.0000031395512066389,0.000000548789386664971,87.3130231182298,15.2622006303301
2012-09-28,0.00000212638103716893,0.000000178551079456933,59.1360816997977,4.96562518089904
2012-10-13,0.00000174940224476169,0.000000115638453467298,48.6520488396446,3.21598288940024
2013-02-11,0.00000124462052081015,0.0000000197907856665925,34.6137308023907,0.550395012758863
2013-02-21,0.000001923938984452,0.000000028132332835204,53.5060325413073,0.782379029848523
2013-03-01,0.00000153496438904963,0.0000000537536167371467,42.6883883605231,1.49492410601054
2013-03-07,0.00000202849639121173,0.0000000864416075800451,56.4138440954839,2.40399903815983
2013-03-13,0.00000323418539951035,0.000000362128867126641,89.9448634438431,10.0710464859902
2013-03-19,0.00000149086038599727,0.0000000516387396267209,41.4618264780557,1.43610795622316
2013-03-26,0.00000208698769514483,0.0000000231630154844043,58.0405264575129,0.644178983990155
2013-04-05,0.00000515602047629646,0.000000883525484086357,143.392384902967,24.5714358327553
2013-04-11,0.0000015128288448698,0.0000000528800356109504,42.0727840421028,1.4706292294352
2013-04-17,0.00000156354837684016,0.0000000720784712727735,43.483328217369,2.00455059158084
2013-04-24,0.00000236879654065054,0.000000119411783409113,65.8778193134251,3.32092172388896
2013-05-03,0.00000497677148580331,0.000000628593526437951,138.407350348425,17.4816072404832
2013-05-09,0.00000597680359924963,0.00000096868462052081,166.218913623989,26.9397684888709
2013-05-17,0.0000126033874916537,0.00000195863454262186,350.508652669775,54.4709392662488
2013-05-21,0.00000179209866140981,0.00000013446535881212,49.8394648008749,3.73957174443822
2013-05-30,0.00000834349114495564,0.0000011334946424597,232.038080374603,31.5232456512236
2013-06-04,0.00000414120854662809,0.000000541998664589361,115.169785033144,15.0733460984074
2013-06-13,0.00000962041079774888,0.00000194526596928556,267.550071683646,54.0991502824279
2013-06-21,0.00000590141617118693,0.00000255430733521987,164.122338726487,71.0369988358555
2013-06-26,0.00000318145845919049,0.000000505691392960478,88.4784918970543,14.0636165420335
2013-07-03,0.00000883649645480271,0.00000170265492353184,245.748888443305,47.3519745071648
2013-07-11,0.00000338734253282885,0.000000362679088105307,94.2042659641402,10.0863485001534
2013-07-17,0.00000456741820609838,0.000000396751136688818,127.022961299819,11.0339150056357
2013-07-29,0.00000135826046866554,0.000000247456360688054,37.7741339113672,6.88192723081589
2013-08-06,0.0000225255599186035,0.000000219891577374328,626.450917495838,6.11533213351949
2013-08-13,0.0000133363525802041,0.00000140877953006264,370.892903000246,39.1791028656395
2013-08-23,0.00000211640424787765,0.000000201236367683063,58.8586205033716,5.59651824967375
2013-08-29,0.0000179318155225589,0.00000172613573495278,498.695807210351,48.0049916091303
2013-09-06,0.0000094443785571206,0.000000710445613811962,262.654497098645,19.7579686459127
2013-09-09,0.0000014153216113955,0.0000000769196527932339,39.3610425318727,2.13918709412352
2013-09-16,0.00000219181615846873,0.000000235090776127945,60.9558762763958,6.53803203704292
2013-09-20,0.00000175215509840705,0.0000000813694318145687,48.7286075444269,2.26293843085574
2013-09-26,0.00000192871450828273,0.000000090140218117071,53.6388430594959,2.506859875926
2013-10-09,0.00000280291914406537,0.000000240118279228006,77.9510598542873,6.6778502675831
2013-10-16,0.00000200620647992115,0.0000000944097167021716,55.7939467242602,2.62559749290636
2013-10-24,0.000000897004864710184,0.000000353365552764618,24.9463064415032,9.82733284059215
2013-11-01,0.00000253566023337891,0.00000324863756319354,70.5184104367605,90.3467878014107
2013-11-08,0.00000238569202887031,0.0000000718272868907189,66.34769416382,1.99756498557738
2013-11-15,0.00000192382436170551,0.0000000487730119869003,53.5028448059095,1.35641015000897
2013-11-21,0.00000117219770436552,0.0000000303481606308226,32.5996037408077,0.844002685846153
2013-11-27,0.000000466042415185527,0.0000000335550538933579,12.9609518981959,0.933188536670102
2013-12-04,0.00000217392896887221,0.0000000423617691011415,60.4584215460961,1.17810918867503
2013-12-11,0.00000179654446599472,0.000000121799624813201,49.9631056058665,3.38732919361807
2013-12-19,0.00000123439461384376,0.0000000295860227019809,34.3293414764662,0.822807119276155
2013-12-26,0.00000200398842644113,0.0000000444233887634733,55.7322611704879,1.23544421313889
2014-01-02,0.00000169342564624336,0.0000000600505548313249,47.0953021205034,1.67004617448594
2014-01-09,0.00000321184700009539,0.0000000372104225620807,89.3236175853846,1.03484678909897
2014-01-17,0.0000016381482305809,0.0000000394369018473181,45.5580001451618,1.0967666701613
2014-01-23,0.00000253338685574386,0.000000035514769005755,70.4551862811595,0.987689527305975
2014-01-31,0.00000239736733331214,0.0000000651915678356809,66.6723922048923,1.81302119153655
2014-02-06,0.00000105797303742329,0.0000000396120950049283,29.4229392021598,1.10163890928524
2014-02-21,0.00000255375027821055,0.00000017693841213316,71.0215067070985,4.92077582184896
2014-03-04,0.00000439154239928778,0.0000000725388699882357,122.131737244126,2.01735458840744
2014-03-12,0.00000293137738068742,0.00000161621888016279,81.5235695047719,44.9481302134418
2014-03-19,0.00000182645225906966,0.0000000482183396394391,50.7948613748585,1.34098434029627
2014-03-26,0.00000313527709770754,0.000000127970493783981,87.1941572844304,3.55894519528287
2014-04-02,0.00000267169565355633,0.0000000921274363295285,74.30164663999,2.56212574620655
2014-04-11,0.00000268325967377826,0.000000185095227496741,74.6232497923266,5.14762232363734
2014-04-18,0.00000621844774410989,0.000000307903723252043,172.939199237408,8.56300889427945
2014-04-25,0.00000608737401036533,0.000000453569043909574,169.293950859095,12.6140590836189
2014-05-02,0.0000481346857015675,0.0000078850465803949,1338.65786822094,219.288429794203
2014-05-13,0.00000345629709707164,0.000000250581539537694,96.12193860764,6.9688405490539
2014-05-21,0.00000325586944771231,0.000000426749705891705,90.5479113565356,11.8681953195821
2014-05-29,0.00000740522717878605,0.000000702794664716543,205.944330670526,19.5451906240629
2014-06-04,0.00000696312994817335,0.000000954058694477123,193.649310402863,26.533011683606
2014-06-13,0.00000843961718228355,0.00000149735143556644,234.711409894353,41.6423469167401
2014-06-19,0.00000510993291151315,0.000000652499125623987,142.11065883942,18.1464379748798
2014-06-27,0.00000446264665670408,0.00000072994547073225,124.10919429546,20.3002727352625
2014-07-03,0.0000047972528695431,0.000000836730151664494,133.414817320604,23.2700262768496
2014-07-10,0.00000197372261613303,0.00000020638469365044,54.8905487023062,5.73969664512699
2014-07-16,0.00000370198721821246,0.000000396136211885155,102.954745532951,11.0168135347361
2014-07-23,0.00000970880576134304,0.0000016956646847477,270.008394861657,47.1575712818659
2014-08-01,0.00000386961940796795,0.00000041672824393501,107.616709073641,11.5894917463921
2014-08-08,0.00000560528600044514,0.000000656661473403071,155.886760217906,18.2621956561347
2014-08-15,0.00000508924994435789,0.000000341117293567772,141.53545166154,9.48670054380054
2014-08-22,0.00000620219388890655,0.000000391243044736256,172.48716863121,10.8807312770269
2014-08-29,0.00000111090903309911,0.0000000825999173317224,30.8951247185021,2.29715905773346
2014-09-04,0.00000315415408095132,0.000000347414072684493,87.7191388393995,9.66181819100632
2014-09-11,0.00000175889478871896,0.000000129518616260214,48.9160428488008,3.60199951886624
2014-09-18,0.00000841960509999682,0.0000022944421481034,234.15486047428,63.8099738259293
2014-09-26,0.00000329482369400019,0.000000381735079965661,91.6312550521232,10.6163084047174
2014-10-03,0.00000294004006231916,0.000000660939238815936,81.7644844864989,18.3811631791354
2014-10-09,0.00000133636545737814,0.000000130418428666815,37.1652189738857,3.62702390492927
2014-10-17,0.00000321636990874694,0.000000269124829099234,89.4494027061431,7.48454185908544
2014-10-24,0.00000212632110266764,0.0000000656448125655782,59.13441488115,1.82562623123013
2014-10-31,0.00000127142094051064,0.0000000791227623922928,35.3590684353424,2.20045704855135
2014-11-07,0.00000297752058758068,0.0000000701844138501161,82.8068430126864,1.95187558529904
2014-11-14,0.00000170923023115322,0.000000165257066547964,47.5348382187491,4.59590977253099
2014-11-23,0.0000013665541636196,0.0000000533000540523354,38.0047871263005,1.4823102237777
2014-12-02,0.00000208008902737592,0.0000000663293694954056,57.8486698835166,1.84466421822438
2014-12-09,0.00000133956948904645,0.0000000793818956471972,37.2543252418564,2.20766371803594
2014-12-17,0.00000247628533273982,0.0000000880002225684398,68.86715465817,2.44734516553827
2014-12-23,0.00000142183746144797,0.0000000415741947791803,39.5422526886182,1.15620621896545
2015-01-02,0.00000254355346411879,0.0000000560783440908079,70.7379264735149,1.55957633169954
2015-01-09,0.00000245982639661696,0.0000000400623191631427,68.4094206141583,1.114159944856
2015-01-16,0.00000108050300467394,0.0000000269228323423739,30.0495126905134,0.748742010560966
2015-01-23,0.00000118886903437093,0.0000000283965533687323,33.0632446010349,0.789727179961025
2015-01-29,0.00000077071619344377,0.0000000331253378270961,21.4341338575561,0.921237844880635
2015-02-04,0.0000012984366156879,0.0000000342294362659375,36.1103924673629,0.951943562408512
2015-02-12,0.00000220427744745795,0.0000000501542081332867,61.3024330744815,1.39482214048877
2015-02-18,0.000000779646116180726,0.0000000354384598263966,21.6824809935184,0.985567317887202
2015-02-25,0.00000155822199612095,0.0000000344993799879177,43.3351979999386,0.959450878227423
2015-03-05,0.000000928116753044418,0.000000335484404311469,25.8115489066155,9.33004611853809
2015-03-11,0.0000013390569457251,0.0000000437029029283648,37.2400710685937,1.21540701920998
2015-03-20,0.00000420415885027503,0.000000129546755270103,116.920475165543,3.60278208358941
2015-03-25,0.00000196006374996026,0.0000000566180725573114,54.5106864801546,1.57458654206774
2015-04-06,0.00000550198721821246,0.000000354150901402181,153.013951855331,9.84917391252702
2015-04-15,0.0000039729992687037,0.000000333219293504181,110.491772283724,9.2670518689575
2015-04-22,0.00000632099456297097,0.000000885320021620934,175.79109499467,24.6213431242535
2015-04-30,0.00000396318718005787,0.000000313854885377253,110.218891522627,8.72851470132603
2015-05-06,0.00000407595942895297,0.000000484412101364027,113.355163342004,13.4718251817997
2015-05-14,0.00000840478840100474,0.000000762318368255381,233.742798145468,21.2005847110201
2015-05-22,0.00000903209754856761,0.000000909036914565515,251.188685948672,25.2809258116082
2015-05-29,0.00000633221519188579,0.000000929440399351372,176.103148204622,25.848360397492
2015-06-03,0.00000879158532320117,0.00000132282057804203,244.499879774964,36.7885268020534
2015-06-10,0.00000679168865854822,0.00000144199548504022,188.881413242019,40.1028608342049
2015-06-17,0.00000377273695589965,0.00000075141648914184,104.922343153027,20.897396146661
2015-06-24,0.00000458844710820006,0.000000436693586849385,127.607789160397,12.1447413131964
2015-07-02,0.0000033787002003116,0.000000365935900289339,93.9639169049249,10.1769226296388
2015-07-09,0.00000422902769387301,0.000000557117420749738,117.612094372582,15.4938088395018
2015-07-14,0.00000438256335251661,0.000000233629296365775,121.88202393585,6.49738730540378
2015-07-22,0.0000037179231185018,0.000000323216431909955,103.397933599904,8.9888655843133
2015-07-30,0.00000451113796063718,0.00000045488092588471,125.457769955698,12.6505434005433
2015-08-06,0.00000209612889892213,0.000000245620012082287,58.2947494608035,6.83085714540703
2015-08-12,0.00000670910304918763,0.00000118807033162698,186.584652098551,33.0410321424518
2015-08-20,0.00000695166608374932,0.00000172605672315666,193.330492650388,48.0027942381279
2015-08-27,0.00000836426345744173,0.000000711330323360148,232.615772306011,19.7825730113616
2015-09-04,0.000010126743187816,0.00000155458061746844,281.631514784798,43.2339288192365
2015-09-10,0.00000224891736351785,0.000000224891736351785,62.5438990568462,6.25438990568462
2015-09-17,0.00000294232297860164,0.000000179583161107755,81.8279739182772,4.99432806328795
2015-09-25,0.00000196712982099138,0.000000173012622810086,54.7071986510634,4.81159698979232
2015-09-30,0.00000130600394264093,0.000000503431687386729,36.3208449013912,14.0007726156201
2015-10-07,0.00000454821786270707,0.000000564315920002544,126.488986882437,15.6940039280061
2015-10-16,0.00000274226574671712,0.00000067197863342978,76.2642482253931,18.6881761417179
2015-10-27,0.0000152251120791072,0.00000182024673301326,423.420570471881,50.622281536416
2015-11-04,0.00000332301834599854,0.000000288823089885854,92.4153672196637,8.03236369292404
2015-11-13,0.00000336764172840291,0.0000000945707608661092,93.6563733899877,2.6300762390339
2015-11-20,0.00000231295348319608,0.000000217689739594925,64.3247864607668,6.05409754924864
2015-11-25,0.0000019348192426314,0.000000155371848271915,53.8086198129978,4.3209952274074
2015-12-02,0.00000049671870528759,0.0000000359692855553083,13.8140800845427,1.00032993715654
2015-12-09,0.00000240767161616483,0.00000019683571269594,66.9589612167407,5.47413308525487
2015-12-17,0.00000160018202918826,0.0000000326984833550603,44.5021346402777,0.909366735944372
2015-12-22,0.00000129524625608089,0.0000000348184477441099,36.0216664285797,0.968324366359669
2016-01-04,0.0000049414247559696,0.0000000459039458204827,137.42433410311,1.27661949713272
2016-01-15,0.00000435145464373152,0.0000000286515532097549,121.01686989613,0.796818896435426
2016-01-21,0.00000189802391020953,0.000000179503036469429,52.785316958883,4.99209974339824
2016-01-29,0.00000165345458014054,0.0000000213808781914725,45.9836799844107,0.594616551522552
2016-02-05,0.00000171135734952784,0.0000000344106705669136,47.5939948062974,0.956983809778099
2016-02-11,0.000000834623382404375,0.0000000258664271406315,23.2114356118129,0.719362673919822
2016-02-19,0.00000452093733108645,0.0000000398906235095863,125.730297015226,1.10938497366376
2016-02-25,0.000000676251629518934,0.0000000323050141489937,18.80701102663,0.898424093628822
2016-03-04,0.00000220156751772599,0.0000000287160980572955,61.2270681124973,0.798613931902139
2016-03-09,0.00000187505134971861,0.0000000406441766557502,52.1464346559006,1.13034179167415
2016-03-17,0.00000381250198721821,0.000000172268608311341,106.028235323689,4.79090544795928
2016-03-25,0.00000372618517694191,0.000000118256176274204,103.627706982183,3.28878351500341
2016-04-01,0.00000184062827891005,0.000000108160630822549,51.1891059870919,3.00801963016932
2016-04-06,0.00000265524148675718,0.000000271213951861626,73.844045234067,7.54264176319399
2016-04-15,0.0000285874693968395,0.00000481981971956377,795.036682650619,134.04241654351
2016-04-21,0.0000201851133509268,0.00000357121236208706,561.361529930374,99.3178091415278
2016-04-29,0.000026437219802232,0.00000491244793488283,735.236800372247,136.618469289027
2016-05-05,0.00000726659406696131,0.00000144211789768211,202.088850921666,40.1062652118142
2016-05-12,0.00000998567613112461,0.00000129187625194747,277.708345398018,35.9279443551231
2016-05-20,0.0000194676162920098,0.00000373567772089918,541.407455870358,103.891700991339
2016-05-25,0.00000340863565546406,0.000000306777208991765,94.7964419748312,8.53167977773481
2016-06-01,0.00000667867158436934,0.000000725538138691934,185.738332667423,20.1777018775195
2016-06-09,0.00000853062223776668,0.00000150628119932594,237.242321477025,41.8906896314328
2016-06-17,0.0000171378716098057,0.00000269506851928397,476.615694912069,74.9516616998818
2016-06-22,0.00000389015134653906,0.000000476585641156084,108.18771604538,13.2541660782868
2016-07-08,0.00000621779275698706,0.000000749305268512925,172.920983606564,20.8386816860749
2016-07-13,0.00000231641283266033,0.000000240725255158819,64.4209932877512,6.69473067500159
2016-07-21,0.00000253398938030587,0.000000254155352770977,70.4719428930286,7.06823069016645
2016-07-28,0.00000489231502972879,0.000000427526628724047,136.058559704041,11.889802064227
2016-08-04,0.00000480703316269753,0.000000614613525802041,133.686813827777,17.0928140536943
2016-08-12,0.00000509929414009094,0.00000100976121585959,141.814787476286,28.0821361339181
2016-08-18,0.00000256304727989571,0.000000596401386283425,71.280062554619,16.5863222482864
2016-08-26,0.00000339871705192204,0.00000142778639788878,94.5205989630869,39.7076965978901
2016-09-02,0.0000110882801818702,0.00000250691551937935,308.372502991443,69.7190006763263
2016-09-09,0.00000623489714158532,0.00000375087437601348,173.396668005243,104.314330154548
2016-09-16,0.00000223311659406696,0.000000196845092365903,62.1044690690714,5.47439394016259
2016-09-23,0.00000211319194938158,0.000000249740866745096,58.7692843293804,6.94546087529042
2016-09-28,0.00000180350386315221,0.000000235140377094528,50.1566511048587,6.53941147316512
2016-10-07,0.00000585475183618963,0.000000462089917649677,162.82457229675,12.8510302928427
2016-10-11,0.00000222809401926807,0.0000000873762360497282,61.9647878978895,2.42999168227018
2016-10-21,0.00000344324663762678,0.0000000457068137738069,95.7589965843336,1.27113712280089
2016-10-28,0.00000555622396744142,0.000000129985056119042,154.522312199724,3.61497152393849
2016-11-03,0.00000117671393596388,0.0000000321287081491844,32.7252031682421,0.893520905617531
2016-11-10,0.000000813564592540778,0.0000000306619821309338,22.6257765525454,0.852730272080859
2016-11-16,0.00000134417665575021,0.0000000565307939334202,37.3824536355149,1.57215926504502
2016-12-01,0.00000398679215287272,0.0000000723094655177896,110.875361636167,2.01097469634225
2016-12-09,0.00000162277193094019,0.0000000672500079488728,45.1303749472789,1.87026779060796
2016-12-16,0.00000284738482083241,0.0000000469349146291056,79.1876801251458,1.30529143063427
2016-12-22,0.00000146290706177864,0.0000000659603828177164,40.684425797802,1.83440245143069
2016-12-28,0.00000187723760770723,0.0000000600139900162157,52.2072359557484,1.66902928247278
2017-01-12,0.00000253877873517535,0.0000000402554767733935,70.6051380616744,1.11953178744727
2017-01-20,0.00000097989571078821,0.0000000371172617722807,27.2515564226457,1.03225592510022
2017-01-25,0.00000138262932816127,0.0000000440327811516327,38.4518482254436,1.22458115367655
2017-02-01,0.00000116568662363677,0.0000000325005564210995,32.4185262221508,0.903862255264429
2017-02-08,0.00000134873358557757,0.000000112655241486757,37.5091849079726,3.13301776493507
2017-02-13,0.00000130825713013895,0.0000000429406060220661,36.3835075557501,1.19420703137035
2017-02-24,0.00000181184064099711,0.0000000336356554640552,50.3885024838597,0.935430120368682
2017-03-02,0.00000282608184159486,0.0000000370633684143588,78.5952299957382,1.03075711469821
2017-03-07,0.00000129864010683285,0.0000000356769260118915,36.1160516924796,0.992199222320869
2017-03-13,0.000000892742043178277,0.0000000402740771358621,24.8277545178469,1.12004907599309
2017-03-21,0.0000021027493561413,0.0000000661603764586182,58.4788688129606,1.83996440861572
2017-03-28,0.00000464745159136434,0.000000102733140440686,129.248743380767,2.85707748525906
2017-04-04,0.00000221244157578455,0.0000000470732250166926,61.5294829546725,1.3091379352058
2017-04-12,0.00000507990524943563,0.000000185318431846364,141.275569433133,5.15382978618726
2017-04-19,0.00000386582302629487,0.000000108726272614543,107.511129155057,3.02375050748598
2017-04-28,0.00000729327366379447,0.000000200502368764109,202.830828389704,5.57610524782692
2017-05-05,0.00000549144542303901,0.000000577724555658008,152.720777466666,16.066907071772
2017-05-09,0.00000507088804807478,0.000000362997996884042,141.024795020148,10.0952175670161
2017-05-16,0.00000507601189151378,0.000000445975485676131,141.167292540079,12.4028771401028
2017-05-23,0.00000275285364535309,0.00000015376299640711,76.5587047822479,4.27625197882826
2017-05-30,0.0000111526183587167,0.0000021212839019427,310.161790807647,58.9943269531629
2017-06-06,0.0000113027598486535,0.00000181589138660138,314.337326264476,50.5011564338396
2017-06-15,0.0000156965756255763,0.00000213576356872595,436.532287664203,59.3970161903751
2017-06-22,0.0000051178277320276,0.000000584894597946011,142.330219088871,16.2663107530138
2017-06-28,0.00000320019236272297,0.000000378370322088328,88.9994943093632,10.5227322331583
2017-07-05,0.000000855058980636546,0.0000000260322406282789,23.7797632941604,0.723974058136032
2017-07-13,0.00000486665606816953,0.000000710913484467902,135.344966786978,19.7709804424116
2017-07-19,0.00000252592922323615,0.000000238344090807923,70.2477845231707,6.62850889859662
2017-07-26,0.000000727858414676799,0.0000000829862325522241,20.2422303076591,2.307902742916
2017-07-31,0.00000117812565578201,0.000000138840895361038,32.7644640424894,3.86125834825676
2017-08-08,0.00000633429779657245,0.00000135734952783695,176.161066836676,37.7488000364306
2017-08-17,0.00000611881339226098,0.000000624682204063464,170.16830113963,17.3728307439622
2017-08-22,0.00000206679374264729,0.000000313079234364567,57.4789191049915,8.70694332683813
2017-08-31,0.00000425351022225049,0.000000466811230167562,118.292969894439,12.98233315809
2017-09-06,0.00000612549044545484,0.00000425913007535532,170.353994463773,118.449261775592
2017-09-11,0.00000259249626402976,0.000000340641950971352,72.0990585394806,9.47348094762943
2017-09-15,0.00000567462719786334,0.00000214463610060093,157.815185389128,59.6437672480037
2017-09-21,0.00000435093478744714,0.000000202406123811644,121.002412344465,5.6290499515557
2017-09-27,0.00000159461416171187,0.000000165385679310674,44.3472885142908,4.59948657965555
2017-10-04,0.00000341258465549585,0.000000232676226511081,94.9062663122527,6.47088179401723
2017-10-13,0.00000507139995548631,0.0000005135866904073,141.039031508332,14.283190055293
2017-10-18,0.0000016540173603383,0.000000252559537057645,45.9993312788742,7.02384998569636
2017-10-23,0.0000018061190423198,0.000000101467361928079,50.2293809901479,2.82187533652516
2017-10-30,0.00000138815077422022,0.000000211482305809036,38.6054033407007,5.88146465557067
2017-11-07,0.00000533833582398016,0.000000223542812629169,148.462696905986,6.21687543293818
2017-11-14,0.00000170263139486821,0.0000000465199834663445,47.3513201592607,1.29375191691969
2017-11-20,0.000000930285205557852,0.000000161419350736066,25.8718550242657,4.48918032384518
2017-11-27,0.000000684588884296207,0.0000000222751263870783,19.0388756694399,0.619486193148802
2017-12-04,0.00000137917760961496,0.0000000822743314997933,38.3558536194011,2.28810429754669
2017-12-11,0.000000567191822199612,0.0000000340315093319767,15.7739846954761,0.946439081728568
2017-12-18,0.00000168781994213221,0.0000000380711265142603,46.9394037323464,1.05878354283488
2017-12-22,0.00000292630123048552,0.0000000479197799751995,81.3823983657272,1.33268119594531
2018-01-02,0.00000356394311786589,0.0000000812505166767352,99.1156465880415,2.25963132117815
2018-01-10,0.00000316454166799148,0.0000000409207974309243,88.00802459653,1.1380348008172
2018-01-16,0.00000118694000190773,0.0000000414048837874789,33.0095969154362,1.15149756681754
2018-01-23,0.000000875832405964834,0.0000000935354996661474,24.3574861744556,2.60128493125254
2018-01-30,0.00000316966710120505,0.00000017067438237258,88.1505663291576,4.74656895618541
2018-02-07,0.00000231885901879114,0.0000000457068137738069,64.4890233634317,1.27113712280089
2018-02-13,0.00000190751327461766,0.0000000891555117484341,53.0492225426467,2.47947453188458
2018-02-21,0.00000308046739372357,0.000000177111061651458,85.669862684318,4.92557732065894
2018-02-27,0.000000710500461034625,0.0000000322954755015739,19.7594939839325,0.898158817451475
2018-03-07,0.00000193693300689962,0.000000384117516136212,53.8674050138978,10.6825655512793
2018-03-14,0.00000219461161807256,0.0000000444537534577597,61.0336198814369,1.23628867563678
2018-03-21,0.0000026829448984134,0.000000045559441671171,74.6144956784742,1.26703860586088
2018-03-28,0.00000136099011160217,0.0000000519021652729643,37.8500471107846,1.44343399998755
2018-04-04,0.00000384461702330609,0.000000225154367110744,106.921376000119,6.26169384310089
2018-04-11,0.00000536033830402849,0.000000188249976153381,149.074600621733,5.23535799802513
2018-04-18,0.0000024475279005437,0.000000117758417856348,68.067391196166,3.27494051981553
2018-04-25,0.00000199848653460939,0.000000188919430224794,55.5792498713943,5.25397596440525
2018-05-03,0.0000161186798511971,0.00000234904931480716,448.271289064147,65.3286357285428
2018-05-10,0.0000223985564846905,0.0000035990842898477,622.918866883668,100.092946131735
2018-05-16,0.000017662554449779,0.00000333463164923214,491.207476323199,92.7383409655833
2018-05-23,0.00000909296365775333,0.00000159805443388128,252.881413236321,44.4429647889205
2018-05-30,0.0000143688277002321,0.00000221464500333853,399.606728031471,61.5907617516396
2018-06-07,0.00000791394868207688,0.00000122608438523417,220.092216611563,34.0982284494922
2018-06-14,0.0000158915869129757,0.00000290129089695081,441.95568225927,80.6868442287242
2018-06-22,0.00000300643858700836,0.00000052034514005914,83.611071957009,14.4711470694823
2018-06-29,0.00000446050999968205,0.000000458153158882071,124.049772431735,12.7415463931821
2018-07-06,0.00000476142253028521,0.000000858852818670313,132.418351573098,23.8852724724304
2018-07-13,0.0000020092365902515,0.00000023411974182061,55.878216123264,6.51102692218902
2018-07-20,0.00000179803503863152,0.000000280078534863756,50.0045594298466,7.78917175734149
2018-07-27,0.0000159486629995867,0.0000028537582270834,443.54300647912,79.3649288243096
2018-08-02,0.00000303922768751391,0.000000685316047184509,84.5229588166382,19.0590985566929
2018-08-10,0.00000286913293694954,0.000000398132491812661,79.7925098094962,11.0723314173851
2018-08-16,0.00000203692855553083,0.00000021008680169152,56.6483482362584,5.84265475082486
2018-08-21,0.00000557849988871578,0.000000478157133318495,155.141820499221,13.2978703285046
2018-08-28,0.00000453127722488951,0.000000190021302979238,126.01785639147,5.28461978415841
2018-09-05,0.00000285161680073766,0.000000750145464373152,79.3053743224953,20.8620480960295
2018-09-14,0.00000387747925344186,0.000000696822358589552,107.835296643775,19.3790967881566
2018-09-21,0.0000031628628660456,0.000000743373501637468,87.961335989317,20.6737152739223
2018-09-28,0.00000406556866236368,0.000000684727353661251,113.066189159481,19.042726595281
2018-10-05,0.000010009475056437,0.000000698096721884837,278.370209460498,19.4145376854501
2018-10-12,0.00000212834313694318,0.000000370539569489046,59.1906490094779,10.3049537553656
2018-10-22,0.00000473915296810912,0.000000891776096149566,131.799020124386,24.800890883621
2018-10-29,0.00000353421989761852,0.000000140837334266001,98.2890239130812,3.91678065217542
2018-11-05,0.00000296136847794983,0.000000137738068741852,82.357642019046,3.83058800088586
2018-11-14,0.00000262714889828622,0.0000000676519029601602,73.0627715216241,1.8814447602135
2018-11-21,0.00000150430669931004,0.0000000917260182506121,41.835777462722,2.55096204040988
2018-11-27,0.000000731537947918985,0.0000000775873581126196,20.3445605930705,2.15775642653778
2018-12-04,0.00000135380083304187,0.0000000447291024132778,37.6501084559184,1.24394631462285
2018-12-11,0.00000123437585450383,0.0000000431599949127214,34.3288197666508,1.20030838344933
2018-12-19,0.00000159663921655909,0.0000000942116307907539,44.4036066467415,2.6200885909568
2018-12-27,0.00000166400273441226,0.0000000437895456424279,46.2770312238599,1.21781661115421
2019-01-03,0.000000850014148993673,0.0000000399693173507997,23.6394631452314,1.11157350212687
2019-01-10,0.000000370861657816922,0.0000000110815236399479,10.3139112476207,0.30818459903249
2019-01-17,0.000000675654192235541,0.0000000405392515341325,18.7903958953889,1.12742375372333
2019-01-24,0.00000219833518807033,0.0000000524193189405742,61.1371748585338,1.45781639006936
2019-01-31,0.00000109138660137992,0.0000000585622078789228,30.352192808866,1.62865424828061
2019-02-07,0.00000418038059203205,0.000000151055769291914,116.259185868114,4.20096217842765
2019-02-14,0.00000279928158087183,0.000000111839687132365,77.8498967840562,3.11033665177193
2019-02-21,0.00000170795014466949,0.0000000435701567517726,47.4992381557492,1.21171525907523
2019-02-28,0.00000156525388699882,0.0000000512797685288226,43.5307595978785,1.42612472941568
2019-03-08,0.00000270052367174335,0.0000000989882674636737,75.1033731457063,2.75293005803276
2019-03-14,0.000002290088709421,0.0000000410901084226257,63.6889017785883,1.1427434529651
2019-03-22,0.000000949326730469619,0.0000000304759785062478,26.4014125932939,0.847557386622599
2019-03-28,0.00000249319258529141,0.0000000719190168834059,69.3373566825169,2.00011605814953
2019-04-04,0.00000139576102508664,0.0000000384860576770214,38.8170495175271,1.07032305654946
2019-04-11,0.00000282795523194811,0.0000000624272678134241,78.6473302369691,1.73614415534148
2019-04-19,0.0000042918428666815,0.000000140141807891641,119.359026425802,3.89743759757722
2019-04-24,0.00000401487234110203,0.000000221360529076977,111.65629048958,6.15618466483088
2019-05-03,0.00000792041906457664,0.000000913105306667515,220.272162285197,25.3940705225162
2019-05-10,0.00000697223140758641,0.000000930185526692315,193.902428088748,25.8690828882124
2019-05-17,0.0000101829480779625,0.00000113600855298719,283.194610447117,31.5931591877633
2019-05-24,0.00000441820609837525,0.000000307575116848431,122.873272585202,8.55387012996986
2019-05-28,0.00000292785444024037,0.000000109496995326063,81.4255941699385,3.04518482261558
2019-06-04,0.0000138429620679788,0.00000301222854599218,384.982052374349,83.7720945966584
2019-06-12,0.00000597229340879463,0.000000773218975549267,166.0934822048,21.5037379052223
2019-06-20,0.00000873154748656641,0.00000145342278464914,242.830187302048,40.4206616946662
2019-06-26,0.00000691330959269976,0.000000811446376903755,192.263772928581,22.566867556096
2019-07-03,0.00000651367047152714,0.00000192229340879463,181.149541138984,53.4602679794454
2019-07-11,0.00000594996979428317,0.000000453519919875362,165.472647524417,12.6126929113055
2019-07-18,0.0000130585291405679,0.0000019167053511812,363.166446952499,53.3048603522165
2019-07-26,0.00000478283997329179,0.0000010109759626085,133.013985016633,28.1159190551032
2019-08-02,0.00000240340529712887,0.000000557361133191314,66.8403120251528,15.500586645833
2019-08-08,0.00000456991351626339,0.000000353277002321071,127.092357547812,9.82487019341245
2019-08-16,0.00000691001875933993,0.000000238709738959016,192.172252647396,6.63867781872824
2019-08-23,0.0000044394136911386,0.000000310758958379702,123.463069952836,8.64241489669855
2019-08-30,0.00000196245747353025,0.000000163754729579346,54.5772575368598,4.55412877459889
2019-09-06,0.00000243433436138756,0.000000090794092397698,67.7004700301993,2.52504455788311
2019-09-11,0.00000342061619662332,0.0000000600108104670758,95.1296288535786,1.66894085708033
2019-09-17,0.0000032424835458332,0.000000425446885631617,90.1756404543258,11.8319630150262
2019-11-08,0.000000820413659343105,0.0000000462465422403103,22.8162536904196,1.28614733316909
2020-01-31,0.000000745400782169089,0.0000000297367333312136,20.7300953041477,0.826998482878232
2020-02-07,0.00000157845569298274,0.00000008696273568408,43.8979106698656,2.4184919599822
2020-02-14,0.000000528083367778449,0.0000000401343359511621,14.6863523683548,1.11616277999497
2020-02-21,0.00000128673682871769,0.0000000395243394486662,35.7850135507687,1.09919836845365
2020-02-28,0.00000172652427585768,0.0000000382080061047344,48.0157971920875,1.06259025597981
2020-03-06,0.00000185653874280627,0.000000096540014625926,51.6315866509061,2.68484250584712
2020-03-13,0.0000014005715239579,0.0000000728752662872405,38.9508327150327,2.02670999492853
2020-03-20,0.00000198703379860736,0.000000677063368414359,55.2607416077934,18.8295860293222
2020-03-27,0.0000023617881784363,0.000000403132809767575,65.6829120633893,11.2113936108199
2020-04-03,0.00000237600489650568,0.000000351030491876252,66.078288520646,9.76239323237768
2020-04-10,0.0000018120779943404,0.000000154055514927983,50.395103439406,4.28438711493356
2020-04-17,0.00000220135289815904,0.00000019078391784045,61.221099398507,5.30582861453727
2020-05-02,0.0000191758862993228,0.00000324848176528568,533.294249262388,90.3424549571807
2020-05-09,0.0000064966439858828,0.0000010430391720454,180.67602316242,29.0076183976363
2020-05-16,0.00000873562048901466,0.00000153231375790913,242.943460229775,42.6146725321081
2020-05-22,0.00000418329146926966,0.000000709749451527773,116.340139314901,19.738607906236
2020-05-29,0.00000276705351181202,0.000000463987631553846,76.9536125849246,12.9038069883258
2020-06-05,0.0000111460843852342,0.00000207683380496646,309.980076626164,57.7581399667274
2020-06-18,0.00000614512098184478,0.00000116056818543131,170.899932836752,32.2761790253866
2020-06-26,0.0000125188960605386,0.00000371399955486312,348.158889346074,103.288816665622
2020-07-02,0.00000460891227623923,0.000000986141140186322,128.176939198894,27.4252459997634
2020-07-10,0.00000338025817939016,0.000000406596769578074,94.0072453472249,11.3077286546233
2020-07-17,0.0000022839718927856,0.000000283654573781438,63.5187890085951,7.88862379622875
2020-07-31,0.00000386516803917205,0.000000692880353565864,107.492913524212,19.2694669865984
2020-08-07,0.00000213131537947919,0.000000409436901847318,59.2733090663391,11.3867146364283
2020-08-14,0.00000462298496073257,0.000000739677593717211,128.568309985873,20.5709295977397
2020-08-19,0.00000281803440272169,0.000000197262408190519,78.3714253274501,5.48599977292151
2020-08-26,0.00000317222345871355,0.000000208252837747607,88.2216603446865,5.79165098446034
2020-09-01,0.00000323405933038695,0.000000708639470923023,89.9413573770325,19.7077386017321
2020-09-08,0.00000513002289275381,0.000000913936281835236,142.669374681609,25.4171804988327
2020-09-15,0.00000116237194365839,0.0000000931277224889511,32.3263427505229,2.58994437467097
2020-09-22,0.00000330856888493212,0.000000365231630154844,92.0135180236798,10.1573364052114
2020-10-01,0.00000200507932975104,0.000000327042065435121,55.7625999226371,9.0952590165078
2020-10-08,0.00000144239610823185,0.000000152561126832215,40.1140024336535,4.24282718048258
2020-10-15,0.00000234245969921465,0.000000284046294235477,65.1453741026925,7.89951780457846
2020-10-22,0.00000194202060347843,0.0000000945969921465136,54.0088944843553,2.6308057485216
2020-11-12,0.000003459781882929,0.00000127197863342978,96.218852837764,35.3745782491779
2020-11-19,0.000000897324409398747,0.0000000397046198849003,24.9551931934443,1.1042120882055
2020-11-24,0.00000062142125846555,0.0000000364114018632158,17.2821416614667,1.01262548797656
2020-12-02,0.000000771571969094782,0.0000000342413595752122,21.4579335519337,0.952275157630195
2020-12-09,0.000000737973355378207,0.0000000442784013226924,20.5235335873871,1.23141201524322
2020-12-17,0.000000863345839559951,0.0000000378660455947347,24.0102263945,1.05308010502193
2020-12-28,0.00000120485326380719,0.0000000440799974563607,33.507776733954,1.22589427075441
2021-01-06,0.00000167331913134718,0.0000000369794283170646,46.5361264662744,1.02842268433756
2021-01-13,0.00000182070458808941,0.0000000656955263743601,50.6350147929287,1.82703661623969
2021-01-20,0.000000781422212330292,0.0000000452561126832215,21.7318754177404,1.25860282342126
2021-01-28,0.000000744897936472608,0.0000000386625226542876,20.7161108283319,1.07523066583037
2021-02-09,0.00000321623827541255,0.0000000508362214238021,89.4457418948957,1.41378938716906
2021-02-25,0.00000209464786493275,0.0000000333542653651712,58.2535609130008,0.927604473136955
2021-03-05,0.00000175476773393533,0.000000032336014753108,48.8012666894021,0.899286241205199
2021-03-26,0.00000315851642237131,0.0000000491900098566023,87.8404584778394,1.36800714022865
2021-04-02,0.00000177155575339417,0.000000183199262344599,49.2681527615322,5.09489426212007
2021-04-09,0.0000017968188610855,0.000000138632316937458,49.9707367172349,3.85545764251211
2021-04-15,0.0000015471075641474,0.000000149781247019173,43.0260981980942,4.16551685986452
2021-04-22,0.00000485601093764904,0.000000758751709007663,135.04891857306,21.1013935270406
2021-04-30,0.0000034857556198531,0.000000460048965056755,96.941199868679,12.7942700334297
2021-05-07,0.00000693469841976408,0.00000121890178372707,192.858610543585,33.8984754879502
2021-05-14,0.00000644771549394296,0.000000860468506565769,179.315289010721,23.9302058356033
2021-05-21,0.00000585636704715271,0.000000817628056341611,162.869492396114,22.7387842040951
2021-05-27,0.0000110907761279451,0.000000412349368859496,308.441916924516,11.4677122959115
2021-06-03,0.00000634944993799879,0.0000012168961241296,176.582458044391,33.8426967503934
2021-06-11,0.000025514088582239,0.00000157510444818925,709.563902480991,43.8047103062244
2021-06-25,0.00000738665702203428,0.00000128502670821278,205.427882165928,35.7374539534401
2021-07-02,0.00000485390607611841,0.00000131433690502687,134.990380963258,36.5525901699213
2021-07-09,0.00000587447298973006,0.00000143006263711806,163.373030793414,39.7710003363442
2021-07-16,0.00000503523258401959,0.000000951099488092588,140.033192669226,26.4507141708538
2021-07-26,0.00000835394741025723,0.00000282153190677562,232.32887612021,78.4686932591439
2021-08-12,0.00000903822612953483,0.000000914946583574449,251.359125892617,25.4452776672834
2021-08-20,0.0000162681250198722,0.00000750836539378716,452.42745936003,208.812673550783
2021-08-24,0.00000649510349432451,0.000000114437537757146,180.633181059779,3.18258461867229
2021-09-02,0.00000605574703507043,0.000000464097643954087,168.414383480406,12.9068665069045
2021-09-10,0.00000125017328542813,0.000000127621856220788,34.7681569077635,3.54924935100085
2021-10-08,0.00000120705192203746,0.000000124672029506216,33.5689228928324,3.4672126931564
2021-10-15,0.00000170662141108391,0.000000265315093319767,47.4622851842448,7.37859055385318
2021-10-22,0.00000448012145877715,0.000000604575530189819,124.59518025236,16.8136506684636
2021-11-04,0.00000238131855902833,0.000000129454230390131,66.2260650365065,3.60020890466915
2021-12-08,0.00000143056309815268,0.0000000266013799243267,39.7849184931157,0.739802203384383
2021-12-15,0.000000709281421894375,0.0000000377277352071476,19.7255916884675,1.0492336004504
2021-12-22,0.00000100856332072112,0.000000041447807700868,28.048821867313,1.1526913096156
2022-01-14,0.000000824821150360879,0.0000000379518934215128,22.9388289694322,1.05546759061805
2022-01-21,0.00000143998998442021,0.0000000457139677593717,40.0470865179178,1.2713360799339
2022-01-28,0.000000664128326603288,0.0000000398476995961973,18.4698538477616,1.1081912308657
2022-02-11,0.000001085866904073,0.0000000290857206448126,30.1986863275747,0.808893383774322
2022-02-18,0.00000126508791453372,0.0000000376514260277893,35.1829427386627,1.04711139103163
2022-02-25,0.00000104968061428889,0.0000000762063209436902,29.1923213573835,2.11934885732761
2022-03-04,0.000000614183968713237,0.0000000236224603351245,17.0808677831745,0.656956453199019
2022-03-11,0.000000852025372802137,0.0000000523703538838193,23.6953966272249,1.45645463902565
2022-03-18,0.00000116335172172586,0.0000000320188547263998,32.353591035206,0.890465808308422
2022-03-25,0.00000223623096244952,0.000000346777844901593,62.1910817409751,9.6441242699773
2022-03-30,0.00000130925757527583,0.000000335513020253728,36.4113306054842,9.33084194707013
2022-04-08,0.00000202560172967473,0.000000214783631681028,56.3333416181984,5.97327674055035
2022-04-22,0.00000211869384121332,0.000000102738386696766,58.922295628474,2.85722338715661
2022-05-02,0.00000323505134971861,0.000000318342818988267,89.9689460994766,8.85332714276764
2022-05-09,0.0000203134081587231,0.00000402285141966869,564.929494515687,111.87819401193
2022-05-20,0.00000983522781469588,0.00000205704111157038,273.524276890818,57.2076918987331
2022-05-25,0.00000517645861816794,0.000000908548535817621,143.960783325628,25.2673436713281
2022-05-31,0.00000418899240087756,0.000000555041493116276,116.498686043562,15.436075900772
2022-06-07,0.0000113552001526184,0.00000183253950589806,315.795726262135,50.9641517887019
2022-06-15,0.00000253486534609392,0.000000347212648246479,70.4963040886483,9.65621644239468
2022-06-21,0.00000361460048965057,0.000000549231502972879,100.524462046885,15.2744961811501
2022-06-29,0.00000678761565609996,0.00000257905948936441,188.768140314292,71.7253728309916
2022-07-05,0.00000501615210963085,0.00000133499491272138,139.50255188914,37.1271032084706
2022-07-12,0.00000474229118311023,0.00000100243553464119,131.886295986733,27.8784040297158
2022-07-20,0.0000474417983529935,0.00000350287113287336,1319.38820669847,97.4171937562313
2022-07-27,0.00000265191567835681,0.000000343389081428253,73.7515522735655,9.54988048670527
2022-08-03,0.0000058869892849194,0.0000132908715144193,163.721117350789,369.628044080309
2022-08-10,0.0000032895456424279,0.00000112580840036883,91.4844689006581,31.3094861075176
2022-08-18,0.00000356105370258497,0.000000474807160344663,99.0352900126536,13.2047053350205
2022-08-26,0.00000454049155829703,0.00000100313185590283,126.274113178787,27.8977691906622
2022-09-08,0.0000043393501001558,0.00000139329735143557,120.680234427077,38.7485331021881
2022-09-16,0.0000016416565451019,0.000000232596101872754,45.6555687231899,6.46865347412752
2022-09-23,0.00000176184064099711,0.000000201752726463387,48.9979689749047,5.61087853340745
2022-09-30,0.00000437280213665702,0.000000649673460303329,121.610557981032,18.0678543286105
2022-10-07,0.00000458203236781024,0.000000803654891736352,127.429390931131,22.3501811319
2022-10-14,0.00000174255794728308,0.000000388869988235668,48.4617043398591,10.8147349853727
2022-10-20,0.00000319297955549903,0.000000538815299990461,88.7989013065929,14.9848145954875
2022-10-27,0.0000011503693046326,0.0000000423969031191377,31.9925413152979,1.17908628926159
2022-11-03,0.00000193403580172332,0.000000126694858669041,53.7868317962984,3.52346892783238
2022-11-17,0.000000702277193094019,0.0000000170455629391752,19.5307993914419,0.474048528918493
2022-11-23,0.000000738370799020699,0.0000000767905630981527,20.5345867614432,2.13559702319009
2022-12-07,0.000000953354424342628,0.000000638332962385934,26.5134254591786,17.752467481363
2023-01-03,0.000000655305077739977,0.0000000393183046643986,18.224473383716,1.09346840302296
2023-01-11,0.000000796870051826651,0.000000040935105402054,22.1614901869533,1.13843271508322
2023-01-18,0.000000985864996343518,0.0000000458541858764427,27.4175662544292,1.27523563974089
2023-01-25,0.00000109944739435948,0.0000000405201742392929,30.5763688638024,1.12689320136864
2023-02-10,0.000000753149820355474,0.0000000363255540364376,20.9456012493545,1.01023800238044
2023-02-17,0.0000009528879844838,0.0000000360942418365076,26.5004534541063,1.00380505507979
2023-02-27,0.000013167848399097,0.00000185095227496741,366.206688795677,51.4762232363734
2023-03-06,0.00000129153890178373,0.0000000548070013672061,35.9185624209843,1.52421943852885
2023-03-14,0.00000127205812215828,0.0000000381617436647483,35.3767888839892,1.06130366651968
2023-03-21,0.00000103422387205494,0.0000000365020190137039,28.7624589970717,1.01514561166136
2023-03-28,0.00000115903723252043,0.0000000338240437505962,32.2336021989225,0.940669324871279
2023-04-04,0.0000016244772821214,0.0000000441319830847986,45.1778019065189,1.22734002592095
2023-04-11,0.0000021365711742075,0.000000138689707799434,59.4194762400571,3.85705372084581
2023-04-19,0.00000199426981654001,0.000000156290737973355,55.4619801159286,4.34655016582513
2023-04-26,0.00000186584719086834,0.0000000735893930240692,51.8904608298395,2.04657033807255
2023-05-03,0.00000595303170010493,0.000000846116180725573,165.557801177345,23.5310580353587
2023-05-10,0.00000289848335506025,0.00000028768528822613,80.6087646071919,8.00072066623621
2023-05-17,0.00000348609265206194,0.000000500012559219103,96.9505729602785,13.9056843698502
2023-05-23,0.00000779644208451241,0.00000143075705065022,216.82427938283,39.7903124420551
2023-05-30,0.00000468033448856952,0.000000582487043337255,130.163238789474,16.1993550458515
2023-06-06,0.00000277687195955614,0.000000390124956281199,77.2266701968068,10.8496364877722
2023-06-14,0.0000140198531048297,0.00000320876919652793,389.901510657851,89.238021805494
2023-06-21,0.00000250797367333312,0.000000279844520047057,69.7484286469333,7.78266364845725
2023-06-28,0.00000299319894438969,0.000000393700041334139,83.2428686228518,10.9490619990418
2023-07-05,0.0000044325426854472,0.00000108719452481638,123.271982679754,30.2356083501917
2023-07-12,0.00000655026072302947,0.000000942318209277924,182.167140555286,26.2065009219885
2023-07-19,0.00000721744936567995,0.000000587091030491876,200.722103843279,16.3273950141175
2023-07-26,0.00000322391020953229,0.000000319872341102032,89.6591035243357,8.89586417780518
2023-08-02,0.00000509129121490573,0.00000799593812597374,141.592220763492,222.372397993947
2023-08-10,0.00000330640854026899,0.00000131625798861721,91.9534373907804,36.6060167920389
2023-08-17,0.0000028158735811262,0.000000697480207306604,78.3113314307418,19.3973920018543
2023-08-23,0.0000051013656163556,0.00000174710486153063,141.872396619467,48.5881570723307
2023-08-31,0.00000498575244030397,0.00000152320625735271,138.657116711937,42.3613868379775
2023-09-07,0.00000124073876824266,0.000000125925725732091,34.5057766620195,3.50207882539899
2023-09-14,0.00000341379288416903,0.000000251891513783346,94.9398679613833,7.00527181074284
2023-09-20,0.00000100895233855839,0.000000141082318527233,28.0596407140791,3.9235938286636
2023-09-29,0.00000203539474102572,0.000000221498839464564,56.605691826941,6.16003116940241
2023-10-06,0.00000189457886871642,0.00000018784776318718,52.6895080461646,5.22417218588035
2023-10-13,0.00000161659184127691,0.000000207477027757464,44.958502511976,5.77007518870281
2023-10-20,0.000000809848812438396,0.000000126935550538934,22.5224382176601,3.53016273004076
2023-10-30,0.00000283059362182443,0.000000421758449651839,78.7207056276232,11.7293851385159
2023-11-02,0.000000760667387364472,0.0000000456400432418683,21.154669825991,1.26928018955946
2023-11-09,0.000000742186257988617,0.000000044531175479317,20.6406972323819,1.23844183394291
2023-11-17,0.00000109023019935773,0.0000000497822008839147,30.3200324936323,1.38447636957225
2023-11-27,0.00000165268862675273,0.0000000376752726463388,45.9623783073698,1.047774581475
2023-12-04,0.00000192669899208292,0.0000000416433499729738,53.5827902032226,1.15812947125121
2023-12-12,0.00000128946488187975,0.0000000435630027662078,35.8608825374899,1.21151630194222
2023-12-19,0.000000687537757146037,0.0000000412522654287622,19.1208857996666,1.14725314798
2023-12-27,0.00000112636418555849,0.0000000415121935709516,31.3249428661177,1.15448192381269
