"Date","Volume","Parameter","Value","Volume_mL","Volume_L","Result_ugL"
2007-09-01,319.3,"TN","1234.01",319.3,0.3193,1234.01
2007-09-01,319.3,"TP","138.207",319.3,0.3193,138.207
2007-09-24,1834.6,"TN","491.745",1834.6,1.8346,491.745
2007-09-24,1834.6,"TP","30.677",1834.6,1.8346,30.677
2007-10-04,1451.4,"TN","497.223",1451.4,1.4514,497.223
2007-10-04,1451.4,"TP","14.192",1451.4,1.4514,14.192
2007-10-22,1602.8,"TN","428.749",1602.8,1.6028,428.749
2007-10-22,1602.8,"TP","9.965",1602.8,1.6028,9.965
2007-11-14,0,"TN","734.146",0,0,734.146
2007-11-14,0,"TN","743.732",0,0,743.732
2007-11-14,0,"TP","20.225",0,0,20.225
2007-11-14,0,"TP","23.453",0,0,23.453
2007-11-21,1160.8,"TN","294.07",1160.8,1.1608,294.07
2007-11-21,1160.8,"TP","6.335",1160.8,1.1608,6.335
2007-12-04,876.9,"TN","331.036",876.9,0.8769,331.036
2007-12-04,876.9,"TP","6.038",876.9,0.8769,6.038
2007-12-12,680.5,"TN","1913.69",680.5,0.6805,1913.69
2007-12-12,680.5,"TP","6.001",680.5,0.6805,6.001
2008-01-02,771,"TN","4041.98",771,0.771,4041.98
2008-01-02,771,"TP","10.979",771,0.771,10.979
2008-01-14,1900,"TN","438.826",1900,1.9,438.826
2008-01-14,1900,"TP","3.029",1900,1.9,3.029
2008-01-22,800,"TN","764.465",800,0.8,764.465
2008-01-22,800,"TP","11.614",800,0.8,11.614
2008-02-01,1200,"TN","383.181",1200,1.2,383.181
2008-02-01,1200,"TP","4.589",1200,1.2,4.589
2008-02-11,370.8,"TN","1305.93",370.8,0.3708,1305.93
2008-02-11,370.8,"TP","8.267",370.8,0.3708,8.267
2008-02-28,1085.8,"TN","872.641",1085.8,1.0858,872.641
2008-02-28,1085.8,"TP","4.477",1085.8,1.0858,4.477
2008-03-06,393.4,"TN","718.439",393.4,0.3934,718.439
2008-03-06,393.4,"TP","3.549",393.4,0.3934,3.549
2008-03-19,728.1,"TN","997.901",728.1,0.7281,997.901
2008-03-19,728.1,"TP","6.548",728.1,0.7281,6.548
2008-04-08,1043.6,"TN","998.905",1043.6,1.0436,998.905
2008-04-08,1043.6,"TP","18.98",1043.6,1.0436,18.98
2008-04-17,479.7,"TN","2020.55",479.7,0.4797,2020.55
2008-04-17,479.7,"TP","35.663",479.7,0.4797,35.663
2008-05-02,0,"TN","711.371",0,0,711.371
2008-05-02,0,"TN","671.606",0,0,671.606
2008-05-02,0,"TP","22.833",0,0,22.833
2008-05-02,0,"TP","23.628",0,0,23.628
2008-05-13,0,"TN","2956.24",0,0,2956.24
2008-05-13,0,"TN","1014.78",0,0,1014.78
2008-05-13,0,"TP","48.469",0,0,48.469
2008-05-13,0,"TP","279.148",0,0,279.148
2008-05-16,642.5,"TN","372.4",642.5,0.6425,372.4
2008-05-16,642.5,"TP","9.239",642.5,0.6425,9.239
2008-05-22,1629.7,"TN","524.863",1629.7,1.6297,524.863
2008-05-22,1629.7,"TP","20.225",1629.7,1.6297,20.225
2008-05-27,703.6,"TN","497.594",703.6,0.7036,497.594
2008-05-27,703.6,"TP","8.179",703.6,0.7036,8.179
2008-06-02,827.5,"TN","569.061",827.5,0.8275,569.061
2008-06-02,827.5,"TP","15.603",827.5,0.8275,15.603
2008-06-10,3970.5,"TN","238.062",3970.5,3.9705,238.062
2008-06-10,3970.5,"TP","6.308",3970.5,3.9705,6.308
2008-06-13,0,"TN","61.36",0,0,61.36
2008-06-13,0,"TP","3.028",0,0,3.028
2008-06-26,1073.7,"TN","226.764",1073.7,1.0737,226.764
2008-06-26,1073.7,"TP","28.719",1073.7,1.0737,28.719
2008-07-03,1134.8,"TN","346.588",1134.8,1.1348,346.588
2008-07-03,1134.8,"TP","101.405",1134.8,1.1348,101.405
2008-07-10,1154.4,"TN","355.417",1154.4,1.1544,355.417
2008-07-10,1154.4,"TP","169.428",1154.4,1.1544,169.428
2008-07-18,888.2,"TN","315.84",888.2,0.8882,315.84
2008-07-18,888.2,"TP","73.938",888.2,0.8882,73.938
2008-07-23,1087.2,"TN","167.989",1087.2,1.0872,167.989
2008-07-23,1087.2,"TP","17.341",1087.2,1.0872,17.341
2008-07-31,955.4,"TN","669.599",955.4,0.9554,669.599
2008-07-31,955.4,"TP","213.195",955.4,0.9554,213.195
2008-08-07,950.7,"TN","180.038",950.7,0.9507,180.038
2008-08-07,950.7,"TP","25.02",950.7,0.9507,25.02
2008-08-14,895,"TN","392.37",895,0.895,392.37
2008-08-14,895,"TP","88.262",895,0.895,88.262
2008-08-22,999,"TN","234.266",999,0.999,234.266
2008-08-22,999,"TP","53.249",999,0.999,53.249
2008-09-01,1039.3,"TN","323.258",1039.3,1.0393,323.258
2008-09-01,1039.3,"TP","79.906",1039.3,1.0393,79.906
2008-09-08,788.1,"TN","116.697",788.1,0.7881,116.697
2008-09-08,788.1,"TP","12.327",788.1,0.7881,12.327
2008-09-11,1280.8,"TN","33.917",1280.8,1.2808,33.917
2008-09-11,1280.8,"TP","3.813",1280.8,1.2808,3.813
2008-09-18,638.6,"TN","162.039",638.6,0.6386,162.039
2008-09-18,638.6,"TP","27.208",638.6,0.6386,27.208
2008-09-23,724.8,"TN","182.173",724.8,0.7248,182.173
2008-09-23,724.8,"TP","16.903",724.8,0.7248,16.903
2008-10-01,582.7,"TN","306.528",582.7,0.5827,306.528
2008-10-01,582.7,"TP","47.712",582.7,0.5827,47.712
2008-10-08,1220,"TN","166.161",1220,1.22,166.161
2008-10-08,1220,"TP","34.66",1220,1.22,34.66
2008-10-15,737.5,"TN","112.66",737.5,0.7375,112.66
2008-10-15,737.5,"TP","28.931",737.5,0.7375,28.931
2008-10-23,805.8,"TN","202.284",805.8,0.8058,202.284
2008-10-23,805.8,"TP","16.507",805.8,0.8058,16.507
2008-11-06,840.9,"TN","341.588",840.9,0.8409,341.588
2008-11-06,840.9,"TP","31.781",840.9,0.8409,31.781
2008-11-13,1467.6,"TN","137.345",1467.6,1.4676,137.345
2008-11-13,1467.6,"TP","2.397",1467.6,1.4676,2.397
2008-11-24,887.7,"TN","84.573",887.7,0.8877,84.573
2008-11-24,887.7,"TP","7.745",887.7,0.8877,7.745
2008-12-04,1007.6,"TN","69.289",1007.6,1.0076,69.289
2008-12-04,1007.6,"TP","3.672",1007.6,1.0076,3.672
2008-12-12,713,"TN","107.472",713,0.713,107.472
2008-12-12,713,"TP","2.397",713,0.713,2.397
2008-12-17,1290.3,"TN","70.218",1290.3,1.2903,70.218
2008-12-17,1290.3,"TP","4.906",1290.3,1.2903,4.906
2009-01-21,1149,"TN","21.707",1149,1.149,21.707
2009-01-21,1149,"TP","2.111",1149,1.149,2.111
2009-01-30,870.6,"TN","93.358",870.6,0.8706,93.358
2009-01-30,870.6,"TP","3.912",870.6,0.8706,3.912
2009-02-04,1148,"TN","49.583",1148,1.148,49.583
2009-02-04,1148,"TP","3.952",1148,1.148,3.952
2009-02-13,1256.4,"TN","164.371",1256.4,1.2564,164.371
2009-02-13,1256.4,"TP","1.39",1256.4,1.2564,1.39
2009-02-20,1267,"TN","68.154",1267,1.267,68.154
2009-02-20,1267,"TP","0.95",1267,1.267,0.95
2009-02-27,1318,"TN","70.349",1318,1.318,70.349
2009-02-27,1318,"TP","1.711",1318,1.318,1.711
2009-03-06,973.5,"TN","69.942",973.5,0.9735,69.942
2009-03-06,973.5,"TP","2.951",973.5,0.9735,2.951
2009-03-11,1352.7,"TN","70.947",1352.7,1.3527,70.947
2009-03-11,1352.7,"TP","5.312",1352.7,1.3527,5.312
2009-03-19,1120.8,"TN","54.939",1120.8,1.1208,54.939
2009-03-19,1120.8,"TP","1.831",1120.8,1.1208,1.831
2009-03-27,1030.6,"TN","204.948",1030.6,1.0306,204.948
2009-03-27,1030.6,"TP","8.501",1030.6,1.0306,8.501
2009-04-06,892.8,"TN","230.41",892.8,0.8928,230.41
2009-04-06,892.8,"TP","4.949",892.8,0.8928,4.949
2009-04-13,1629.6,"TN","119.507",1629.6,1.6296,119.507
2009-04-13,1629.6,"TP","22.46",1629.6,1.6296,22.46
2009-04-22,1273.2,"TN","192.499",1273.2,1.2732,192.499
2009-04-22,1273.2,"TP","20.72",1273.2,1.2732,20.72
2009-04-30,894.7,"TN","767.285",894.7,0.8947,767.285
2009-04-30,894.7,"TP","82.171",894.7,0.8947,82.171
2009-05-08,1201.5,"TN","451.65",1201.5,1.2015,451.65
2009-05-08,1201.5,"TP","45.586",1201.5,1.2015,45.586
2009-05-16,890.4,"TN","277.979",890.4,0.8904,277.979
2009-05-16,890.4,"TP","22.262",890.4,0.8904,22.262
2009-05-21,1239,"TN","287.059",1239,1.239,287.059
2009-05-21,1239,"TP","40.666",1239,1.239,40.666
2009-05-28,648.9,"TN","380.131",648.9,0.6489,380.131
2009-05-28,648.9,"TP","47.835",648.9,0.6489,47.835
2009-06-04,657,"TN","870.621",657,0.657,870.621
2009-06-04,657,"TP","161.264",657,0.657,161.264
2009-06-10,944.2,"TN","340.405",944.2,0.9442,340.405
2009-06-10,944.2,"TP","31.39",944.2,0.9442,31.39
2009-06-19,481.8,"TN","647.654",481.8,0.4818,647.654
2009-06-19,481.8,"TP","132.937",481.8,0.4818,132.937
2009-06-24,1872.8,"TN","165.95",1872.8,1.8728,165.95
2009-06-24,1872.8,"TP","26.178",1872.8,1.8728,26.178
2009-07-01,611.2,"TN","626.103",611.2,0.6112,626.103
2009-07-01,611.2,"TP","163.456",611.2,0.6112,163.456
2009-07-09,640.2,"TN","484.67",640.2,0.6402,484.67
2009-07-09,640.2,"TP","85.049",640.2,0.6402,85.049
2009-07-15,1117.3,"TN","156.827",1117.3,1.1173,156.827
2009-07-15,1117.3,"TP","10.6",1117.3,1.1173,10.6
2009-07-29,766.2,"TN","286.03",766.2,0.7662,286.03
2009-07-29,766.2,"TP","24.153",766.2,0.7662,24.153
2009-08-06,1092,"TN","220.095",1092,1.092,220.095
2009-08-06,1092,"TP","22.151",1092,1.092,22.151
2009-08-12,1064.1,"TN","173.357",1064.1,1.0641,173.357
2009-08-12,1064.1,"TP","8.337",1064.1,1.0641,8.337
2009-08-18,1586,"TN","118.809",1586,1.586,118.809
2009-08-18,1586,"TP","4.199",1586,1.586,4.199
2009-08-27,979,"TN","224.587",979,0.979,224.587
2009-08-27,979,"TP","26.858",979,0.979,26.858
2009-09-03,634.4,"TN","273.636",634.4,0.6344,273.636
2009-09-03,634.4,"TP","39.129",634.4,0.6344,39.129
2009-09-10,528,"TN","283.682",528,0.528,283.682
2009-09-10,528,"TP","24.492",528,0.528,24.492
2009-09-18,728.6,"TN","146.847",728.6,0.7286,146.847
2009-09-18,728.6,"TP","7.75",728.6,0.7286,7.75
2009-09-23,1325.2,"TN","51.401",1325.2,1.3252,51.401
2009-09-23,1325.2,"TP","3.493",1325.2,1.3252,3.493
2009-10-01,868.1,"TN","249.906",868.1,0.8681,249.906
2009-10-01,868.1,"TP","24.134",868.1,0.8681,24.134
2009-10-09,1110.5,"TN","217.114",1110.5,1.1105,217.114
2009-10-09,1110.5,"TP","37.624",1110.5,1.1105,37.624
2009-10-14,1508,"TN","87.12",1508,1.508,87.12
2009-10-14,1508,"TP","7.978",1508,1.508,7.978
2009-10-23,1147.6,"TN","118.74",1147.6,1.1476,118.74
2009-10-23,1147.6,"TP","3.759",1147.6,1.1476,3.759
2009-10-29,1678.3,"TN","102.93",1678.3,1.6783,102.93
2009-10-29,1678.3,"TP","4.139",1678.3,1.6783,4.139
2009-11-06,1295.9,"TN","92.976",1295.9,1.2959,92.976
2009-11-06,1295.9,"TP","4.557",1295.9,1.2959,4.557
2009-11-12,1324.2,"TN","52.572",1324.2,1.3242,52.572
2009-11-12,1324.2,"TP","4.979",1324.2,1.3242,4.979
2009-11-19,1119.8,"TN","87.12",1119.8,1.1198,87.12
2009-11-19,1119.8,"TP","1.643",1119.8,1.1198,1.643
2009-11-24,1403.8,"TN","46.716",1403.8,1.4038,46.716
2009-11-24,1403.8,"TP","5.019",1403.8,1.4038,5.019
2009-12-02,1236,"TN","111.714",1236,1.236,111.714
2009-12-02,1236,"TP","3.43",1236,1.236,3.43
2009-12-09,1023.4,"TN","86.535",1023.4,1.0234,86.535
2009-12-09,1023.4,"TP","4.543",1023.4,1.0234,4.543
2009-12-16,1228.6,"TN","116.984",1228.6,1.2286,116.984
2009-12-16,1228.6,"TP","4.741",1228.6,1.2286,4.741
2009-12-23,1710.9,"TN","96.492",1710.9,1.7109,96.492
2009-12-23,1710.9,"TP","0.577",1710.9,1.7109,0.577
2009-12-30,892.2,"TN","185.016",892.2,0.8922,185.016
2009-12-30,892.2,"TP","2.464",892.2,0.8922,2.464
2010-01-06,1458.4,"TN","101.09",1458.4,1.4584,101.09
2010-01-06,1458.4,"TP","2.194",1458.4,1.4584,2.194
2010-01-13,1155.8,"TN","99.366",1155.8,1.1558,99.366
2010-01-13,1155.8,"TP","2.023",1155.8,1.1558,2.023
2010-01-20,860,"TN","166.047",860,0.86,166.047
2010-01-20,860,"TP","1.119",860,0.86,1.119
2010-01-27,656.6,"TN","171.22",656.6,0.6566,171.22
2010-01-27,656.6,"TP","1.869",656.6,0.6566,1.869
2010-02-04,1331.4,"TN","162.598",1331.4,1.3314,162.598
2010-02-04,1331.4,"TP","3.21",1331.4,1.3314,3.21
2010-02-10,1402.7,"TN","72.424",1402.7,1.4027,72.424
2010-02-10,1402.7,"TP","1.186",1402.7,1.4027,1.186
2010-02-17,933.9,"TN","149.094",933.9,0.9339,149.094
2010-02-17,933.9,"TP","1.901",933.9,0.9339,1.901
2010-02-24,933.9,"TN","39.064",933.9,0.9339,39.064
2010-02-24,933.9,"TP","1.424",933.9,0.9339,1.424
2010-03-04,1142.3,"TN","137.974",1142.3,1.1423,137.974
2010-03-04,1142.3,"TP","2.418",1142.3,1.1423,2.418
2010-03-10,1365.8,"TN","122.172",1365.8,1.3658,122.172
2010-03-10,1365.8,"TP","2.06",1365.8,1.3658,2.06
2010-03-17,672.1,"TN","128.025",672.1,0.6721,128.025
2010-03-17,672.1,"TP","6.393",672.1,0.6721,6.393
2010-03-24,889.7,"TN","180.095",889.7,0.8897,180.095
2010-03-24,889.7,"TP","8.533",889.7,0.8897,8.533
2010-04-02,1056.7,"TN","485.843",1056.7,1.0567,485.843
2010-04-02,1056.7,"TP","10.268",1056.7,1.0567,10.268
2010-04-07,596.3,"TN","226.134",596.3,0.5963,226.134
2010-04-07,596.3,"TP","8.415",596.3,0.5963,8.415
2010-04-16,1089.9,"TN","318.803",1089.9,1.0899,318.803
2010-04-16,1089.9,"TP","25.876",1089.9,1.0899,25.876
2010-04-21,845.3,"TN","258.007",845.3,0.8453,258.007
2010-04-21,845.3,"TP","25.306",845.3,0.8453,25.306
2010-04-30,1198,"TN","894.572",1198,1.198,894.572
2010-04-30,1198,"TP","92.237",1198,1.198,92.237
2010-05-07,941,"TN","358.557",941,0.941,358.557
2010-05-07,941,"TP","53.492",941,0.941,53.492
2010-05-12,1305.6,"TN","129.419",1305.6,1.3056,129.419
2010-05-12,1305.6,"TP","20.621",1305.6,1.3056,20.621
2010-05-19,940.9,"TN","622.258",940.9,0.9409,622.258
2010-05-19,940.9,"TP","135.789",940.9,0.9409,135.789
2010-05-26,654.5,"TN","398.194",654.5,0.6545,398.194
2010-05-26,654.5,"TP","58.733",654.5,0.6545,58.733
2010-06-02,1765.9,"TN","163.004",1765.9,1.7659,163.004
2010-06-02,1765.9,"TP","2.38",1765.9,1.7659,2.38
2010-06-07,1459.7,"TN","133.975",1459.7,1.4597,133.975
2010-06-07,1459.7,"TP","15.394",1459.7,1.4597,15.394
2010-06-18,531.9,"TN","1553.1",531.9,0.5319,1553.1
2010-06-18,531.9,"TP","139.428",531.9,0.5319,139.428
2010-06-22,1630.3,"TN","124.496",1630.3,1.6303,124.496
2010-06-22,1630.3,"TP","13.849",1630.3,1.6303,13.849
2010-07-06,733.1,"TN","531.866",733.1,0.7331,531.866
2010-07-06,733.1,"TP","203.417",733.1,0.7331,203.417
2010-07-13,414.6,"TN","669.009",414.6,0.4146,669.009
2010-07-13,414.6,"TP","170.406",414.6,0.4146,170.406
2010-07-21,804.6,"TN","231.962",804.6,0.8046,231.962
2010-07-21,804.6,"TP","37.753",804.6,0.8046,37.753
2010-07-28,692.4,"TN","383.041",692.4,0.6924,383.041
2010-07-28,692.4,"TP","89.169",692.4,0.6924,89.169
2010-08-02,1067.5,"TN","203.211",1067.5,1.0675,203.211
2010-08-02,1067.5,"TP","12.662",1067.5,1.0675,12.662
2010-08-12,790.7,"TN","910.366",790.7,0.7907,910.366
2010-08-12,790.7,"TP","101.84",790.7,0.7907,101.84
2010-08-16,1272.9,"TN","51.194",1272.9,1.2729,51.194
2010-08-16,1272.9,"TP","7.359",1272.9,1.2729,7.359
2010-08-25,933.1,"TN","549.464",933.1,0.9331,549.464
2010-08-25,933.1,"TP","131.936",933.1,0.9331,131.936
2010-08-30,1257.3,"TN","130.986",1257.3,1.2573,130.986
2010-08-30,1257.3,"TP","21.09",1257.3,1.2573,21.09
2010-09-07,814.9,"TN","236.036",814.9,0.8149,236.036
2010-09-07,814.9,"TP","17.235",814.9,0.8149,17.235
2010-09-14,1530.5,"TN","130.986",1530.5,1.5305,130.986
2010-09-14,1530.5,"TP","12.041",1530.5,1.5305,12.041
2010-09-22,1787.2,"TN","136.152",1787.2,1.7872,136.152
2010-09-22,1787.2,"TP","7.98",1787.2,1.7872,7.98
2010-09-29,916.9,"TN","652.815",916.9,0.9169,652.815
2010-09-29,916.9,"TP","87.383",916.9,0.9169,87.383
2010-10-05,1130,"TN","295.489",1130,1.13,295.489
2010-10-05,1130,"TP","74.24",1130,1.13,74.24
2010-10-12,983.8,"TN","283.817",983.8,0.9838,283.817
2010-10-12,983.8,"TP","45.993",983.8,0.9838,45.993
2010-10-20,1368.2,"TN","59.725",1368.2,1.3682,59.725
2010-10-20,1368.2,"TP","3.797",1368.2,1.3682,3.797
2010-10-28,1799.5,"TN","97.074",1799.5,1.7995,97.074
2010-10-28,1799.5,"TP","2.823",1799.5,1.7995,2.823
2010-11-03,1715.4,"TN","86.569",1715.4,1.7154,86.569
2010-11-03,1715.4,"TP","0.4",1715.4,1.7154,0.4
2010-11-09,1292,"TN","93.439",1292,1.292,93.439
2010-11-09,1292,"TP","3.949",1292,1.292,3.949
2010-11-18,1696.8,"TN","155.03",1696.8,1.6968,155.03
2010-11-18,1696.8,"TP","4.774",1696.8,1.6968,4.774
2010-11-22,1579.5,"TN","64.082",1579.5,1.5795,64.082
2010-11-22,1579.5,"TP","3.87",1579.5,1.5795,3.87
2010-12-02,1866.9,"TN","100.922",1866.9,1.8669,100.922
2010-12-02,1866.9,"TP","2.416",1866.9,1.8669,2.416
2010-12-08,1253.1,"TN","87.107",1253.1,1.2531,87.107
2010-12-08,1253.1,"TP","1.748",1253.1,1.2531,1.748
2010-12-15,1252.5,"TN","57.75",1252.5,1.2525,57.75
2010-12-15,1252.5,"TP","3.517",1252.5,1.2525,3.517
2010-12-22,1248.3,"TN","56.723",1248.3,1.2483,56.723
2010-12-22,1248.3,"TP","4.254",1248.3,1.2483,4.254
2010-12-30,1455.4,"TN","68.424",1455.4,1.4554,68.424
2010-12-30,1455.4,"TP","4.496",1455.4,1.4554,4.496
2011-01-06,1402,"TN","132.777",1402,1.402,132.777
2011-01-06,1402,"TP","1.431",1402,1.402,1.431
2011-01-13,1820.2,"TN","76.029",1820.2,1.8202,76.029
2011-01-13,1820.2,"TP","1.431",1820.2,1.8202,1.431
2011-01-19,1065.9,"TN","39.757",1065.9,1.0659,39.757
2011-01-19,1065.9,"TP","5.412",1065.9,1.0659,5.412
2011-01-26,951.9,"TN","63.159",951.9,0.9519,63.159
2011-01-26,951.9,"TP","16.579",951.9,0.9519,16.579
2011-02-03,1154.4,"TN","85.39",1154.4,1.1544,85.39
2011-02-03,1154.4,"TP","2.957",1154.4,1.1544,2.957
2011-02-11,829.4,"TN","97.675",829.4,0.8294,97.675
2011-02-11,829.4,"TP","3.828",829.4,0.8294,3.828
2011-02-18,970.7,"TN","110.925",970.7,0.9707,110.925
2011-02-18,970.7,"TP","4.035",970.7,0.9707,4.035
2011-02-25,1031.8,"TN","133.106",1031.8,1.0318,133.106
2011-02-25,1031.8,"TP","3.994",1031.8,1.0318,3.994
2011-03-04,1447.1,"TN","60.566",1447.1,1.4471,60.566
2011-03-04,1447.1,"TP","0.4",1447.1,1.4471,0.4
2011-03-09,1232.1,"TN","83.947",1232.1,1.2321,83.947
2011-03-09,1232.1,"TP","0.68",1232.1,1.2321,0.68
2011-03-17,764.4,"TN","170.875",764.4,0.7644,170.875
2011-03-17,764.4,"TP","2.399",764.4,0.7644,2.399
2011-03-23,1210.6,"TN","126.512",1210.6,1.2106,126.512
2011-03-23,1210.6,"TP","3.094",1210.6,1.2106,3.094
2011-04-01,1064.6,"TN","155.537",1064.6,1.0646,155.537
2011-04-01,1064.6,"TP","2.285",1064.6,1.0646,2.285
2011-04-08,1294.1,"TN","95.632",1294.1,1.2941,95.632
2011-04-08,1294.1,"TP","2.561",1294.1,1.2941,2.561
2011-04-15,940.1,"TN","166.109",940.1,0.9401,166.109
2011-04-15,940.1,"TP","6.306",940.1,0.9401,6.306
2011-04-22,1255.8,"TN","219.554",1255.8,1.2558,219.554
2011-04-22,1255.8,"TP","4.217",1255.8,1.2558,4.217
2011-04-30,1582.5,"TN","148.489",1582.5,1.5825,148.489
2011-04-30,1582.5,"TP","5.202",1582.5,1.5825,5.202
2011-05-05,1450.4,"TN","171.982",1450.4,1.4504,171.982
2011-05-05,1450.4,"TP","6.227",1450.4,1.4504,6.227
2011-05-11,879.2,"TN","282.395",879.2,0.8792,282.395
2011-05-11,879.2,"TP","36.267",879.2,0.8792,36.267
2011-05-17,918.8,"TN","380.651",918.8,0.9188,380.651
2011-05-17,918.8,"TP","34.66",918.8,0.9188,34.66
2011-05-25,1039.9,"TN","287.599",1039.9,1.0399,287.599
2011-05-25,1039.9,"TP","16.508",1039.9,1.0399,16.508
2011-06-04,2066.1,"TN","309.838",2066.1,2.0661,309.838
2011-06-04,2066.1,"TP","8.539",2066.1,2.0661,8.539
2011-06-11,770.6,"TN","333.247",770.6,0.7706,333.247
2011-06-11,770.6,"TP","46.224",770.6,0.7706,46.224
2011-06-14,1824.3,"TN","144.802",1824.3,1.8243,144.802
2011-06-14,1824.3,"TP","18.093",1824.3,1.8243,18.093
2011-06-21,1556.1,"TN","250.209",1556.1,1.5561,250.209
2011-06-21,1556.1,"TP","12.026",1556.1,1.5561,12.026
2011-06-30,760.5,"TN","641.384",760.5,0.7605,641.384
2011-06-30,760.5,"TP","128.12",760.5,0.7605,128.12
2011-07-06,900.1,"TN","256.994",900.1,0.9001,256.994
2011-07-06,900.1,"TP","58.119",900.1,0.9001,58.119
2011-07-15,1121.5,"TN","487.059",1121.5,1.1215,487.059
2011-07-15,1121.5,"TP","52.75",1121.5,1.1215,52.75
2011-07-22,805.3,"TN","325.842",805.3,0.8053,325.842
2011-07-22,805.3,"TP","41.146",805.3,0.8053,41.146
2011-07-29,784.5,"TN","242.651",784.5,0.7845,242.651
2011-07-29,784.5,"TP","23.394",784.5,0.7845,23.394
2011-08-05,981.7,"TN","214.591",981.7,0.9817,214.591
2011-08-05,981.7,"TP","21.288",981.7,0.9817,21.288
2011-08-12,1071.8,"TN","220.029",1071.8,1.0718,220.029
2011-08-12,1071.8,"TP","22.99",1071.8,1.0718,22.99
2011-08-18,968.5,"TN","243.595",968.5,0.9685,243.595
2011-08-18,968.5,"TP","35.204",968.5,0.9685,35.204
2011-08-25,800.5,"TN","226.072",800.5,0.8005,226.072
2011-08-25,800.5,"TP","32.736",800.5,0.8005,32.736
2011-09-02,615.9,"TN","544.509",615.9,0.6159,544.509
2011-09-02,615.9,"TP","32.693",615.9,0.6159,32.693
2011-09-08,940.5,"TN","73.802",940.5,0.9405,73.802
2011-09-08,940.5,"TP","9.798",940.5,0.9405,9.798
2011-09-16,939.5,"TN","1163.19",939.5,0.9395,1163.19
2011-09-16,939.5,"TP","125.111",939.5,0.9395,125.111
2011-09-22,1404.6,"TN","114.891",1404.6,1.4046,114.891
2011-09-22,1404.6,"TP","4.418",1404.6,1.4046,4.418
2011-09-28,1136.1,"TN","108.323",1136.1,1.1361,108.323
2011-09-28,1136.1,"TP","14.014",1136.1,1.1361,14.014
2011-10-06,1430.3,"TN","315.866",1430.3,1.4303,315.866
2011-10-06,1430.3,"TP","30.684",1430.3,1.4303,30.684
2011-10-14,1750.9,"TN","101.874",1750.9,1.7509,101.874
2011-10-14,1750.9,"TP","4.712",1750.9,1.7509,4.712
2011-10-20,1899.6,"TN","9.242",1899.6,1.8996,9.242
2011-10-20,1899.6,"TP","0.4",1899.6,1.8996,0.4
2011-10-27,1234.5,"TN","213.854",1234.5,1.2345,213.854
2011-10-27,1234.5,"TP","24.962",1234.5,1.2345,24.962
2011-11-03,1058,"TN","49.109",1058,1.058,49.109
2011-11-03,1058,"TP","18.459",1058,1.058,18.459
2011-11-10,1456,"TN","141.741",1456,1.456,141.741
2011-11-10,1456,"TP","6.708",1456,1.456,6.708
2011-11-18,944.9,"TN","152.881",944.9,0.9449,152.881
2011-11-18,944.9,"TP","8.741",944.9,0.9449,8.741
2011-11-28,1006.4,"TN","175.746",1006.4,1.0064,175.746
2011-11-28,1006.4,"TP","14.599",1006.4,1.0064,14.599
2011-12-06,1227.3,"TN","75.95",1227.3,1.2273,75.95
2011-12-06,1227.3,"TP","1.527",1227.3,1.2273,1.527
2011-12-16,1034.9,"TN","212.405",1034.9,1.0349,212.405
2011-12-16,1034.9,"TP","3.219",1034.9,1.0349,3.219
2012-01-03,1099.9,"TN","206.367",1099.9,1.0999,206.367
2012-01-03,1099.9,"TP","8.411",1099.9,1.0999,8.411
2012-01-11,865.8,"TN","115.8",865.8,0.8658,115.8
2012-01-11,865.8,"TP","15.378",865.8,0.8658,15.378
2012-01-27,899.7,"TN","130.973",899.7,0.8997,130.973
2012-01-27,899.7,"TP","6.05",899.7,0.8997,6.05
2012-02-01,730.7,"TN","56.478",730.7,0.7307,56.478
2012-02-01,730.7,"TP","1.082",730.7,0.7307,1.082
2012-02-09,1028,"TN","89.288",1028,1.028,89.288
2012-02-09,1028,"TP","1.082",1028,1.028,1.082
2012-02-15,1212.2,"TN","140.347",1212.2,1.2122,140.347
2012-02-15,1212.2,"TP","1.65",1212.2,1.2122,1.65
2012-02-22,1359.2,"TN","94.1",1359.2,1.3592,94.1
2012-02-22,1359.2,"TP","0.798",1359.2,1.3592,0.798
2012-02-29,896.1,"TN","79.476",896.1,0.8961,79.476
2012-02-29,896.1,"TP","1.295",896.1,0.8961,1.295
2012-03-07,881.7,"TN","87.726",881.7,0.8817,87.726
2012-03-07,881.7,"TP","2.502",881.7,0.8817,2.502
2012-03-15,776.4,"TN","119.723",776.4,0.7764,119.723
2012-03-15,776.4,"TP","4.489",776.4,0.7764,4.489
2012-03-22,1510,"TN","113",1510,1.51,113
2012-03-22,1510,"TP","2.9",1510,1.51,2.9
2012-03-28,1180.5,"TN","121.9",1180.5,1.1805,121.9
2012-03-28,1180.5,"TP","3.2",1180.5,1.1805,3.2
2012-04-04,1001.2,"TN","84.6",1001.2,1.0012,84.6
2012-04-04,1001.2,"TP","2.3",1001.2,1.0012,2.3
2012-04-11,886.3,"TN","121.5",886.3,0.8863,121.5
2012-04-11,886.3,"TP","4.8",886.3,0.8863,4.8
2012-04-19,1043.7,"TN","380.6",1043.7,1.0437,380.6
2012-04-19,1043.7,"TP","15.4",1043.7,1.0437,15.4
2012-04-27,787.4,"TN","1079.1",787.4,0.7874,1079.1
2012-04-27,787.4,"TP","183.5",787.4,0.7874,183.5
2012-05-03,1452.2,"TN","140.6",1452.2,1.4522,140.6
2012-05-03,1452.2,"TP","10.1",1452.2,1.4522,10.1
2012-05-10,580.3,"TN","367.7",580.3,0.5803,367.7
2012-05-10,580.3,"TP","30.9",580.3,0.5803,30.9
2012-05-16,648,"TN","223.9",648,0.648,223.9
2012-05-16,648,"TP","34.4",648,0.648,34.4
2012-05-25,709.4,"TN","550.6",709.4,0.7094,550.6
2012-05-25,709.4,"TP","59.9",709.4,0.7094,59.9
2012-06-01,1308,"TN","278.8",1308,1.308,278.8
2012-06-01,1308,"TP","22.9",1308,1.308,22.9
2012-06-09,1056.5,"TN","288.8",1056.5,1.0565,288.8
2012-06-09,1056.5,"TP","27.3",1056.5,1.0565,27.3
2012-06-13,1412.4,"TN","106.3",1412.4,1.4124,106.3
2012-06-13,1412.4,"TP","9.7",1412.4,1.4124,9.7
2012-06-21,893,"TN","281.2",893,0.893,281.2
2012-06-21,893,"TP","43.5",893,0.893,43.5
2012-06-28,1343.6,"TN","524.9",1343.6,1.3436,524.9
2012-06-28,1343.6,"TP","131.3",1343.6,1.3436,131.3
2012-07-05,851.1,"TN","509.4",851.1,0.8511,509.4
2012-07-05,851.1,"TP","97.2",851.1,0.8511,97.2
2012-07-12,1095.8,"TN","126.4",1095.8,1.0958,126.4
2012-07-12,1095.8,"TP","44.6",1095.8,1.0958,44.6
2012-07-19,1450.2,"TN","137.7",1450.2,1.4502,137.7
2012-07-19,1450.2,"TP","7.9",1450.2,1.4502,7.9
2012-07-25,1106.6,"TN","73.9",1106.6,1.1066,73.9
2012-07-25,1106.6,"TP","9.2",1106.6,1.1066,9.2
2012-08-01,889.5,"TN","224.5",889.5,0.8895,224.5
2012-08-01,889.5,"TP","11.9",889.5,0.8895,11.9
2012-08-10,886.8,"TN","242.5",886.8,0.8868,242.5
2012-08-10,886.8,"TP","36.3",886.8,0.8868,36.3
2012-08-17,1398.5,"TN","150.6",1398.5,1.3985,150.6
2012-08-17,1398.5,"TP","20.5",1398.5,1.3985,20.5
2012-08-23,1081.8,"TN","184.7",1081.8,1.0818,184.7
2012-08-23,1081.8,"TP","17.7",1081.8,1.0818,17.7
2012-08-30,842.9,"TN","608.5",842.9,0.8429,608.5
2012-08-30,842.9,"TP","116.9",842.9,0.8429,116.9
2012-09-07,928.1,"TN","472.6",928.1,0.9281,472.6
2012-09-07,928.1,"TP","100.1",928.1,0.9281,100.1
2012-09-14,965.4,"TN","247.5",965.4,0.9654,247.5
2012-09-14,965.4,"TP","30.7",965.4,0.9654,30.7
2012-09-20,935.5,"TN","211.1",935.5,0.9355,211.1
2012-09-20,935.5,"TP","36.9",935.5,0.9355,36.9
2012-09-28,928.2,"TN","144.1",928.2,0.9282,144.1
2012-09-28,928.2,"TP","12.1",928.2,0.9282,12.1
2012-10-13,621.7,"TN","177",621.7,0.6217,177
2012-10-13,621.7,"TP","11.7",621.7,0.6217,11.7
2013-02-11,691.6,"TN","113.2",691.6,0.6916,113.2
2013-02-11,691.6,"TP","1.8",691.6,0.6916,1.8
2013-02-21,983.1,"TN","123.1",983.1,0.9831,123.1
2013-02-21,983.1,"TP","1.8",983.1,0.9831,1.8
2013-03-01,536.7,"TN","179.9",536.7,0.5367,179.9
2013-03-01,536.7,"TP","6.3",536.7,0.5367,6.3
2013-03-07,1208.3,"TN","105.6",1208.3,1.2083,105.6
2013-03-07,1208.3,"TP","4.5",1208.3,1.2083,4.5
2013-03-13,1122.1,"TN","181.3",1122.1,1.1221,181.3
2013-03-13,1122.1,"TP","20.3",1122.1,1.1221,20.3
2013-03-19,1047.8,"TN","89.5",1047.8,1.0478,89.5
2013-03-19,1047.8,"TP","3.1",1047.8,1.0478,3.1
2013-03-26,728.5,"TN","180.2",728.5,0.7285,180.2
2013-03-26,728.5,"TP","2",728.5,0.7285,2
2013-04-05,800.8,"TN","405",800.8,0.8008,405
2013-04-05,800.8,"TP","69.4",800.8,0.8008,69.4
2013-04-11,1446.2,"TN","65.8",1446.2,1.4462,65.8
2013-04-11,1446.2,"TP","2.3",1446.2,1.4462,2.3
2013-04-17,871.9,"TN","112.8",871.9,0.8719,112.8
2013-04-17,871.9,"TP","5.2",871.9,0.8719,5.2
2013-04-24,873.4,"TN","170.6",873.4,0.8734,170.6
2013-04-24,873.4,"TP","8.6",873.4,0.8734,8.6
2013-05-03,1021.7,"TN","306.4",1021.7,1.0217,306.4
2013-05-03,1021.7,"TP","38.7",1021.7,1.0217,38.7
2013-05-09,613,"TN","613.3",613,0.613,613.3
2013-05-09,613,"TP","99.4",613,0.613,99.4
2013-05-17,907.9,"TN","873.2",907.9,0.9079,873.2
2013-05-17,907.9,"TP","135.7",907.9,0.9079,135.7
2013-05-21,1458.3,"TN","77.3",1458.3,1.4583,77.3
2013-05-21,1458.3,"TP","5.8",1458.3,1.4583,5.8
2013-05-30,1090.2,"TN","481.4",1090.2,1.0902,481.4
2013-05-30,1090.2,"TP","65.4",1090.2,1.0902,65.4
2013-06-04,1065.4,"TN","244.5",1065.4,1.0654,244.5
2013-06-04,1065.4,"TP","32",1065.4,1.0654,32
2013-06-13,716.4,"TN","844.7",716.4,0.7164,844.7
2013-06-13,716.4,"TP","170.8",716.4,0.7164,170.8
2013-06-21,1558.4,"TN","238.2",1558.4,1.5584,238.2
2013-06-21,1558.4,"TP","103.1",1558.4,1.5584,103.1
2013-06-26,1383,"TN","144.7",1383,1.383,144.7
2013-06-26,1383,"TP","23",1383,1.383,23
2013-07-03,1111,"TN","500.3",1111,1.111,500.3
2013-07-03,1111,"TP","96.4",1111,1.111,96.4
2013-07-11,630.2,"TN","338.1",630.2,0.6302,338.1
2013-07-11,630.2,"TP","36.2",630.2,0.6302,36.2
2013-07-17,1503.4,"TN","191.1",1503.4,1.5034,191.1
2013-07-17,1503.4,"TP","16.6",1503.4,1.5034,16.6
2013-07-29,1153,"TN","74.1",1153,1.153,74.1
2013-07-29,1153,"TP","13.5",1153,1.153,13.5
2013-08-06,2095.7,"TN","676.1",2095.7,2.0957,676.1
2013-08-06,2095.7,"TP","6.6",2095.7,2.0957,6.6
2013-08-13,883.5,"TN","949.5",883.5,0.8835,949.5
2013-08-13,883.5,"TP","100.3",883.5,0.8835,100.3
2013-08-23,861.1,"TN","154.6",861.1,0.8611,154.6
2013-08-23,861.1,"TP","14.7",861.1,0.8611,14.7
2013-08-29,1849.7,"TN","609.8",1849.7,1.8497,609.8
2013-08-29,1849.7,"TP","58.7",1849.7,1.8497,58.7
2013-09-06,986.5,"TN","602.2",986.5,0.9865,602.2
2013-09-06,986.5,"TP","45.3",986.5,0.9865,45.3
2013-09-09,1382.4,"TN","64.4",1382.4,1.3824,64.4
2013-09-09,1382.4,"TP","3.5",1382.4,1.3824,3.5
2013-09-16,637.4,"TN","216.3",637.4,0.6374,216.3
2013-09-16,637.4,"TP","23.2",637.4,0.6374,23.2
2013-09-20,1706.1,"TN","64.6",1706.1,1.7061,64.6
2013-09-20,1706.1,"TP","3",1706.1,1.7061,3
2013-09-26,900,"TN","134.8",900,0.9,134.8
2013-09-26,900,"TP","6.3",900,0.9,6.3
2013-10-09,968.2,"TN","182.1",968.2,0.9682,182.1
2013-10-09,968.2,"TP","15.6",968.2,0.9682,15.6
2013-10-16,1855.8,"TN","68",1855.8,1.8558,68
2013-10-16,1855.8,"TP","3.2",1855.8,1.8558,3.2
2013-10-24,854.9,"TN","66",854.9,0.8549,66
2013-10-24,854.9,"TP","26",854.9,0.8549,26
2013-11-01,713,"TN","223.7",713,0.713,223.7
2013-11-01,713,"TP","286.6",713,0.713,286.6
2013-11-08,1613.6,"TN","93",1613.6,1.6136,93
2013-11-08,1613.6,"TP","2.8",1613.6,1.6136,2.8
2013-11-15,1704.4,"TN","71",1704.4,1.7044,71
2013-11-15,1704.4,"TP","1.8",1704.4,1.7044,1.8
2013-11-21,397.7,"TN","185.4",397.7,0.3977,185.4
2013-11-21,397.7,"TP","4.8",397.7,0.3977,4.8
2013-11-27,1172.6,"TN","25",1172.6,1.1726,25
2013-11-27,1172.6,"TP","1.8",1172.6,1.1726,1.8
2013-12-04,1211.2,"TN","112.9",1211.2,1.2112,112.9
2013-12-04,1211.2,"TP","2.2",1211.2,1.2112,2.2
2013-12-11,1197.1,"TN","94.4",1197.1,1.1971,94.4
2013-12-11,1197.1,"TP","6.4",1197.1,1.1971,6.4
2013-12-19,1033.9,"TN","75.1",1033.9,1.0339,75.1
2013-12-19,1033.9,"TP","1.8",1033.9,1.0339,1.8
2013-12-26,1552.4,"TN","81.2",1552.4,1.5524,81.2
2013-12-26,1552.4,"TP","1.8",1552.4,1.5524,1.8
2014-01-02,1259.1,"TN","84.6",1259.1,1.2591,84.6
2014-01-02,1259.1,"TP","3",1259.1,1.2591,3
2014-01-09,1231.9,"TN","164",1231.9,1.2319,164
2014-01-09,1231.9,"TP","1.9",1231.9,1.2319,1.9
2014-01-17,954.1,"TN","108",954.1,0.9541,108
2014-01-17,954.1,"TP","2.6",954.1,0.9541,2.6
2014-01-23,1489.3,"TN","107",1489.3,1.4893,107
2014-01-23,1489.3,"TP","1.5",1489.3,1.4893,1.5
2014-01-31,1322.8,"TN","114",1322.8,1.3228,114
2014-01-31,1322.8,"TP","3.1",1322.8,1.3228,3.1
2014-02-06,1038.2,"TN","64.1",1038.2,1.0382,64.1
2014-02-06,1038.2,"TP","2.4",1038.2,1.0382,2.4
2014-02-21,1147.4,"TN","140",1147.4,1.1474,140
2014-02-21,1147.4,"TP","9.7",1147.4,1.1474,9.7
2014-03-04,1233.2,"TN","224",1233.2,1.2332,224
2014-03-04,1233.2,"TP","3.7",1233.2,1.2332,3.7
2014-03-12,996.7,"TN","185",996.7,0.9967,185
2014-03-12,996.7,"TP","102",996.7,0.9967,102
2014-03-19,919.1,"TN","125",919.1,0.9191,125
2014-03-19,919.1,"TP","3.3",919.1,0.9191,3.3
2014-03-26,1341.6,"TN","147",1341.6,1.3416,147
2014-03-26,1341.6,"TP","6",1341.6,1.3416,6
2014-04-02,1159,"TN","145",1159,1.159,145
2014-04-02,1159,"TP","5",1159,1.159,5
2014-04-11,781.4,"TN","216",781.4,0.7814,216
2014-04-11,781.4,"TP","14.9",781.4,0.7814,14.9
2014-04-18,949.4,"TN","412",949.4,0.9494,412
2014-04-18,949.4,"TP","20.4",949.4,0.9494,20.4
2014-04-25,1501.6,"TN","255",1501.6,1.5016,255
2014-04-25,1501.6,"TP","19",1501.6,1.5016,19
2014-05-02,665.8,"TN","1530",665.8,0.6658,1530
2014-05-02,728.2,"TN","642",728.2,0.7282,642
2014-05-02,665.8,"TP","285",665.8,0.6658,285
2014-05-02,728.2,"TP","70.8",728.2,0.7282,70.8
2014-05-13,1358.8,"TN","160",1358.8,1.3588,160
2014-05-13,1358.8,"TP","11.6",1358.8,1.3588,11.6
2014-05-21,308.9,"TN","663",308.9,0.3089,663
2014-05-21,308.9,"TP","86.9",308.9,0.3089,86.9
2014-05-29,551.9,"TN","844",551.9,0.5519,844
2014-05-29,551.9,"TP","80.1",551.9,0.5519,80.1
2014-06-04,628.4,"TN","697",628.4,0.6284,697
2014-06-04,628.4,"TP","95.5",628.4,0.6284,95.5
2014-06-13,778.4,"TN","682",778.4,0.7784,682
2014-06-13,778.4,"TP","121",778.4,0.7784,121
2014-06-19,2472.5,"TN","130",2472.5,2.4725,130
2014-06-19,2472.5,"TP","16.6",2472.5,2.4725,16.6
2014-06-27,705.3,"TN","398",705.3,0.7053,398
2014-06-27,705.3,"TP","65.1",705.3,0.7053,65.1
2014-07-03,1169.6,"TN","258",1169.6,1.1696,258
2014-07-03,1169.6,"TP","45",1169.6,1.1696,45
2014-07-10,566.9,"TN","219",566.9,0.5669,219
2014-07-10,566.9,"TP","22.9",566.9,0.5669,22.9
2014-07-16,741.6,"TN","314",741.6,0.7416,314
2014-07-16,741.6,"TP","33.6",741.6,0.7416,33.6
2014-07-23,943.9,"TN","647",943.9,0.9439,647
2014-07-23,943.9,"TP","113",943.9,0.9439,113
2014-08-01,1040.2,"TN","234",1040.2,1.0402,234
2014-08-01,1040.2,"TP","25.2",1040.2,1.0402,25.2
2014-08-08,930.3,"TN","379",930.3,0.9303,379
2014-08-08,930.3,"TP","44.4",930.3,0.9303,44.4
2014-08-15,865.2,"TN","370",865.2,0.8652,370
2014-08-15,865.2,"TP","24.8",865.2,0.8652,24.8
2014-08-22,1134.1,"TN","344",1134.1,1.1341,344
2014-08-22,1134.1,"TP","21.7",1134.1,1.1341,21.7
2014-08-29,753,"TN","92.8",753,0.753,92.8
2014-08-29,753,"TP","6.9",753,0.753,6.9
2014-09-04,1437.7,"TN","138",1437.7,1.4377,138
2014-09-04,1437.7,"TP","15.2",1437.7,1.4377,15.2
2014-09-11,1005.8,"TN","110",1005.8,1.0058,110
2014-09-11,1005.8,"TP","8.1",1005.8,1.0058,8.1
2014-09-18,1255,"TN","422",1255,1.255,422
2014-09-18,1255,"TP","115",1255,1.255,115
2014-09-26,913,"TN","227",913,0.913,227
2014-09-26,913,"TP","26.3",913,0.913,26.3
2014-10-03,1433.6,"TN","129",1433.6,1.4336,129
2014-10-03,1433.6,"TP","29",1433.6,1.4336,29
2014-10-09,1065.4,"TN","78.9",1065.4,1.0654,78.9
2014-10-09,1065.4,"TP","7.7",1065.4,1.0654,7.7
2014-10-17,1376.3,"TN","147",1376.3,1.3763,147
2014-10-17,1376.3,"TP","12.3",1376.3,1.3763,12.3
2014-10-24,1795.3,"TN","74.5",1795.3,1.7953,74.5
2014-10-24,1795.3,"TP","2.3",1795.3,1.7953,2.3
2014-10-31,1716.2,"TN","46.6",1716.2,1.7162,46.6
2014-10-31,1716.2,"TP","2.9",1716.2,1.7162,2.9
2014-11-07,1337.8,"TN","140",1337.8,1.3378,140
2014-11-07,1337.8,"TP","3.3",1337.8,1.3378,3.3
2014-11-14,1485,"TN","72.4",1485,1.485,72.4
2014-11-14,1485,"TP","7",1485,1.485,7
2014-11-23,931.3,"TN","92.3",931.3,0.9313,92.3
2014-11-23,931.3,"TP","3.6",931.3,0.9313,3.6
2014-12-02,1668.9,"TN","78.4",1668.9,1.6689,78.4
2014-12-02,1668.9,"TP","2.5",1668.9,1.6689,2.5
2014-12-09,1560.4,"TN","54",1560.4,1.5604,54
2014-12-09,1560.4,"TP","3.2",1560.4,1.5604,3.2
2014-12-17,1287.3,"TN","121",1287.3,1.2873,121
2014-12-17,1287.3,"TP","4.3",1287.3,1.2873,4.3
2014-12-23,1743.4,"TN","51.3",1743.4,1.7434,51.3
2014-12-23,1743.4,"TP","1.5",1743.4,1.7434,1.5
2015-01-02,1259.8,"TN","127",1259.8,1.2598,127
2015-01-02,1259.8,"TP","2.8",1259.8,1.2598,2.8
2015-01-09,1680,"TN","92.1",1680,1.68,92.1
2015-01-09,1680,"TP","1.5",1680,1.68,1.5
2015-01-16,1129,"TN","60.2",1129,1.129,60.2
2015-01-16,1129,"TP","1.5",1129,1.129,1.5
2015-01-23,1190.8,"TN","62.8",1190.8,1.1908,62.8
2015-01-23,1190.8,"TP","1.5",1190.8,1.1908,1.5
2015-01-29,1389.1,"TN","34.9",1389.1,1.3891,34.9
2015-01-29,1389.1,"TP","1.5",1389.1,1.3891,1.5
2015-02-04,1435.4,"TN","56.9",1435.4,1.4354,56.9
2015-02-04,1435.4,"TP","1.5",1435.4,1.4354,1.5
2015-02-12,1577.4,"TN","87.9",1577.4,1.5774,87.9
2015-02-12,1577.4,"TP","2",1577.4,1.5774,2
2015-02-18,1486.1,"TN","33",1486.1,1.4861,33
2015-02-18,1486.1,"TP","1.5",1486.1,1.4861,1.5
2015-02-25,1205.6,"TN","81.3",1205.6,1.2056,81.3
2015-02-25,1205.6,"TP","1.8",1205.6,1.2056,1.8
2015-03-05,1071.2,"TN","54.5",1071.2,1.0712,54.5
2015-03-05,1071.2,"TP","19.7",1071.2,1.0712,19.7
2015-03-11,1099.6,"TN","76.6",1099.6,1.0996,76.6
2015-03-11,1099.6,"TP","2.5",1099.6,1.0996,2.5
2015-03-20,1537.5,"TN","172",1537.5,1.5375,172
2015-03-20,1537.5,"TP","5.3",1537.5,1.5375,5.3
2015-03-25,1695.9,"TN","72.7",1695.9,1.6959,72.7
2015-03-25,1695.9,"TP","2.1",1695.9,1.6959,2.1
2015-04-06,994.5,"TN","348",994.5,0.9945,348
2015-04-06,994.5,"TP","22.4",994.5,0.9945,22.4
2015-04-15,1343.6,"TN","186",1343.6,1.3436,186
2015-04-15,1343.6,"TP","15.6",1343.6,1.3436,15.6
2015-04-22,598.8,"TN","664",598.8,0.5988,664
2015-04-22,598.8,"TP","93",598.8,0.5988,93
2015-04-30,774.2,"TN","322",774.2,0.7742,322
2015-04-30,774.2,"TP","25.5",774.2,0.7742,25.5
2015-05-06,986.1,"TN","260",986.1,0.9861,260
2015-05-06,986.1,"TP","30.9",986.1,0.9861,30.9
2015-05-14,638.5,"TN","828",638.5,0.6385,828
2015-05-14,638.5,"TP","75.1",638.5,0.6385,75.1
2015-05-22,610.9,"TN","930",610.9,0.6109,930
2015-05-22,610.9,"TP","93.6",610.9,0.6109,93.6
2015-05-29,675.1,"TN","590",675.1,0.6751,590
2015-05-29,675.1,"TP","86.6",675.1,0.6751,86.6
2015-06-03,1712.1,"TN","323",1712.1,1.7121,323
2015-06-03,1712.1,"TP","48.6",1712.1,1.7121,48.6
2015-06-10,692.4,"TN","617",692.4,0.6924,617
2015-06-10,692.4,"TP","131",692.4,0.6924,131
2015-06-17,984.7,"TN","241",984.7,0.9847,241
2015-06-17,984.7,"TP","48",984.7,0.9847,48
2015-06-24,1990.5,"TN","145",1990.5,1.9905,145
2015-06-24,1990.5,"TP","13.8",1990.5,1.9905,13.8
2015-07-02,679,"TN","313",679,0.679,313
2015-07-02,679,"TP","33.9",679,0.679,33.9
2015-07-09,1592.9,"TN","167",1592.9,1.5929,167
2015-07-09,1592.9,"TP","22",1592.9,1.5929,22
2015-07-14,1013.5,"TN","272",1013.5,1.0135,272
2015-07-14,1013.5,"TP","14.5",1013.5,1.0135,14.5
2015-07-22,587.6,"TN","398",587.6,0.5876,398
2015-07-22,587.6,"TP","34.6",587.6,0.5876,34.6
2015-07-30,592.4,"TN","479",592.4,0.5924,479
2015-07-30,592.4,"TP","48.3",592.4,0.5924,48.3
2015-08-06,808.9,"TN","163",808.9,0.8089,163
2015-08-06,808.9,"TP","19.1",808.9,0.8089,19.1
2015-08-12,1758.4,"TN","240",1758.4,1.7584,240
2015-08-12,1758.4,"TP","42.5",1758.4,1.7584,42.5
2015-08-20,1147.7,"TN","381",1147.7,1.1477,381
2015-08-20,1147.7,"TP","94.6",1147.7,1.1477,94.6
2015-08-27,1542.9,"TN","341",1542.9,1.5429,341
2015-08-27,1542.9,"TP","29",1542.9,1.5429,29
2015-09-04,1316.1,"TN","484",1316.1,1.3161,484
2015-09-04,1316.1,"TP","74.3",1316.1,1.3161,74.3
2015-09-10,1096.6,"TN","129",1096.6,1.0966,129
2015-09-10,1096.6,"TP","12.9",1096.6,1.0966,12.9
2015-09-17,638.2,"TN","290",638.2,0.6382,290
2015-09-17,638.2,"TP","17.7",638.2,0.6382,17.7
2015-09-25,745.4,"TN","166",745.4,0.7454,166
2015-09-25,745.4,"TP","14.6",745.4,0.7454,14.6
2015-09-30,1529.8,"TN","53.7",1529.8,1.5298,53.7
2015-09-30,1529.8,"TP","20.7",1529.8,1.5298,20.7
2015-10-07,1059.6,"TN","270",1059.6,1.0596,270
2015-10-07,1059.6,"TP","33.5",1059.6,1.0596,33.5
2015-10-16,777,"TN","222",777,0.777,222
2015-10-16,777,"TP","54.4",777,0.777,54.4
2015-10-27,1418.8,"TN","675",1418.8,1.4188,675
2015-10-27,1418.8,"TP","80.7",1418.8,1.4188,80.7
2015-11-04,1953.5,"TN","107",1953.5,1.9535,107
2015-11-04,1953.5,"TP","9.3",1953.5,1.9535,9.3
2015-11-13,1450.9,"TN","146",1450.9,1.4509,146
2015-11-13,1450.9,"TP","4.1",1450.9,1.4509,4.1
2015-11-20,1222.6,"TN","119",1222.6,1.2226,119
2015-11-20,1222.6,"TP","11.2",1222.6,1.2226,11.2
2015-11-25,922,"TN","132",922,0.922,132
2015-11-25,922,"TP","10.6",922,0.922,10.6
2015-12-02,1077.4,"TN","29",1077.4,1.0774,29
2015-12-02,1077.4,"TP","2.1",1077.4,1.0774,2.1
2015-12-09,1794.4,"TN","84.4",1794.4,1.7944,84.4
2015-12-09,1794.4,"TP","6.9",1794.4,1.7944,6.9
2015-12-17,1285.5,"TN","78.3",1285.5,1.2855,78.3
2015-12-17,1285.5,"TP","1.6",1285.5,1.2855,1.6
2015-12-22,1460.1,"TN","55.8",1460.1,1.4601,55.8
2015-12-22,1460.1,"TP","1.5",1460.1,1.4601,1.5
2016-01-04,1698.5,"TN","183",1698.5,1.6985,183
2016-01-04,1698.5,"TP","1.7",1698.5,1.6985,1.7
2016-01-15,1126.4,"TN","243",1126.4,1.1264,243
2016-01-15,1126.4,"TP","1.6",1126.4,1.1264,1.6
2016-01-21,1851,"TN","64.5",1851,1.851,64.5
2016-01-21,1851,"TP","6.1",1851,1.851,6.1
2016-01-29,896.6,"TN","116",896.6,0.8966,116
2016-01-29,896.6,"TP","1.5",896.6,0.8966,1.5
2016-02-05,1443,"TN","74.6",1443,1.443,74.6
2016-02-05,1443,"TP","1.5",1443,1.443,1.5
2016-02-11,1084.7,"TN","48.4",1084.7,1.0847,48.4
2016-02-11,1084.7,"TP","1.5",1084.7,1.0847,1.5
2016-02-19,1672.8,"TN","170",1672.8,1.6728,170
2016-02-19,1672.8,"TP","1.5",1672.8,1.6728,1.5
2016-02-25,1354.7,"TN","31.4",1354.7,1.3547,31.4
2016-02-25,1354.7,"TP","1.5",1354.7,1.3547,1.5
2016-03-04,1204.2,"TN","115",1204.2,1.2042,115
2016-03-04,1204.2,"TP","1.5",1204.2,1.2042,1.5
2016-03-09,1704.4,"TN","69.2",1704.4,1.7044,69.2
2016-03-09,1704.4,"TP","1.5",1704.4,1.7044,1.5
2016-03-17,1776.4,"TN","135",1776.4,1.7764,135
2016-03-17,1776.4,"TP","6.1",1776.4,1.7764,6.1
2016-03-25,1403.5,"TN","167",1403.5,1.4035,167
2016-03-25,1403.5,"TP","5.3",1403.5,1.4035,5.3
2016-04-01,1193.6,"TN","97",1193.6,1.1936,97
2016-04-01,1193.6,"TP","5.7",1193.6,1.1936,5.7
2016-04-06,1193,"TN","140",1193,1.193,140
2016-04-06,1193,"TP","14.3",1193,1.193,14.3
2016-04-15,868.7,"TN","2070",868.7,0.8687,2070
2016-04-15,868.7,"TP","349",868.7,0.8687,349
2016-04-21,1085.2,"TN","1170",1085.2,1.0852,1170
2016-04-21,1085.2,"TP","207",1085.2,1.0852,207
2016-04-29,1179.4,"TN","1410",1179.4,1.1794,1410
2016-04-29,1179.4,"TP","262",1179.4,1.1794,262
2016-05-05,880.7,"TN","519",880.7,0.8807,519
2016-05-05,880.7,"TP","103",880.7,0.8807,103
2016-05-12,1036.5,"TN","606",1036.5,1.0365,606
2016-05-12,1036.5,"TP","78.4",1036.5,1.0365,78.4
2016-05-20,827.4,"TN","1480",827.4,0.8274,1480
2016-05-20,827.4,"TP","284",827.4,0.8274,284
2016-05-25,2144.1,"TN","100",2144.1,2.1441,100
2016-05-25,2144.1,"TP","9",2144.1,2.1441,9
2016-06-01,1170.2,"TN","359",1170.2,1.1702,359
2016-06-01,1170.2,"TP","39",1170.2,1.1702,39
2016-06-09,938.1,"TN","572",938.1,0.9381,572
2016-06-09,938.1,"TP","101",938.1,0.9381,101
2016-06-17,1086.7,"TN","992",1086.7,1.0867,992
2016-06-17,1086.7,"TP","156",1086.7,1.0867,156
2016-06-22,1059.3,"TN","231",1059.3,1.0593,231
2016-06-22,1059.3,"TP","28.3",1059.3,1.0593,28.3
2016-07-08,453.2,"TN","863",453.2,0.4532,863
2016-07-08,453.2,"TP","104",453.2,0.4532,104
2016-07-13,1428.5,"TN","102",1428.5,1.4285,102
2016-07-13,1428.5,"TP","10.6",1428.5,1.4285,10.6
2016-07-21,475.8,"TN","335",475.8,0.4758,335
2016-07-21,475.8,"TP","33.6",475.8,0.4758,33.6
2016-07-28,1386.2,"TN","222",1386.2,1.3862,222
2016-07-28,1386.2,"TP","19.4",1386.2,1.3862,19.4
2016-08-04,1079.9,"TN","280",1079.9,1.0799,280
2016-08-04,1079.9,"TP","35.8",1079.9,1.0799,35.8
2016-08-12,1587.9,"TN","202",1587.9,1.5879,202
2016-08-12,1587.9,"TP","40",1587.9,1.5879,40
2016-08-18,1550.2,"TN","104",1550.2,1.5502,104
2016-08-18,1550.2,"TP","24.2",1550.2,1.5502,24.2
2016-08-26,1022.9,"TN","209",1022.9,1.0229,209
2016-08-26,1022.9,"TP","87.8",1022.9,1.0229,87.8
2016-09-02,606.5,"TN","1150",606.5,0.6065,1150
2016-09-02,606.5,"TP","260",606.5,0.6065,260
2016-09-09,1562.5,"TN","251",1562.5,1.5625,251
2016-09-09,1562.5,"TP","151",1562.5,1.5625,151
2016-09-16,1040.5,"TN","135",1040.5,1.0405,135
2016-09-16,1040.5,"TP","11.9",1040.5,1.0405,11.9
2016-09-23,1208.4,"TN","110",1208.4,1.2084,110
2016-09-23,1208.4,"TP","13",1208.4,1.2084,13
2016-09-28,1436,"TN","79",1436,1.436,79
2016-09-28,1436,"TP","10.3",1436,1.436,10.3
2016-10-07,1521.8,"TN","242",1521.8,1.5218,242
2016-10-07,1521.8,"TP","19.1",1521.8,1.5218,19.1
2016-10-11,2113.9,"TN","66.3",2113.9,2.1139,66.3
2016-10-11,2113.9,"TP","2.6",2113.9,2.1139,2.6
2016-10-21,1916.7,"TN","113",1916.7,1.9167,113
2016-10-21,1916.7,"TP","1.5",1916.7,1.9167,1.5
2016-10-28,1603.2,"TN","218",1603.2,1.6032,218
2016-10-28,1603.2,"TP","5.1",1603.2,1.6032,5.1
2016-11-03,1263.1,"TN","58.6",1263.1,1.2631,58.6
2016-11-03,1263.1,"TP","1.6",1263.1,1.2631,1.6
2016-11-10,1285.8,"TN","39.8",1285.8,1.2858,39.8
2016-11-10,1285.8,"TP","1.5",1285.8,1.2858,1.5
2016-11-16,1317,"TN","64.2",1317,1.317,64.2
2016-11-16,1317,"TP","2.7",1317,1.317,2.7
2016-12-01,1229.3,"TN","204",1229.3,1.2293,204
2016-12-01,1229.3,"TP","3.7",1229.3,1.2293,3.7
2016-12-09,919.6,"TN","111",919.6,0.9196,111
2016-12-09,919.6,"TP","4.6",919.6,0.9196,4.6
2016-12-16,1968.2,"TN","91",1968.2,1.9682,91
2016-12-16,1968.2,"TP","1.5",1968.2,1.9682,1.5
2016-12-22,1481.8,"TN","62.1",1481.8,1.4818,62.1
2016-12-22,1481.8,"TP","2.8",1481.8,1.4818,2.8
2016-12-28,1510,"TN","78.2",1510,1.51,78.2
2016-12-28,1510,"TP","2.5",1510,1.51,2.5
2017-01-12,1688.1,"TN","94.6",1688.1,1.6881,94.6
2017-01-12,1688.1,"TP","1.5",1688.1,1.6881,1.5
2017-01-20,1556.5,"TN","39.6",1556.5,1.5565,39.6
2017-01-20,1556.5,"TP","1.5",1556.5,1.5565,1.5
2017-01-25,1846.5,"TN","47.1",1846.5,1.8465,47.1
2017-01-25,1846.5,"TP","1.5",1846.5,1.8465,1.5
2017-02-01,1362.9,"TN","53.8",1362.9,1.3629,53.8
2017-02-01,1362.9,"TP","1.5",1362.9,1.3629,1.5
2017-02-08,1968.4,"TN","43.1",1968.4,1.9684,43.1
2017-02-08,1968.4,"TP","3.6",1968.4,1.9684,3.6
2017-02-13,1800.7,"TN","45.7",1800.7,1.8007,45.7
2017-02-13,1800.7,"TP","1.5",1800.7,1.8007,1.5
2017-02-24,1410.5,"TN","80.8",1410.5,1.4105,80.8
2017-02-24,1410.5,"TP","1.5",1410.5,1.4105,1.5
2017-03-02,1457.1,"TN","122",1457.1,1.4571,122
2017-03-02,1457.1,"TP","1.6",1457.1,1.4571,1.6
2017-03-07,1496.1,"TN","54.6",1496.1,1.4961,54.6
2017-03-07,1496.1,"TP","1.5",1496.1,1.4961,1.5
2017-03-13,1407.4,"TN","39.9",1407.4,1.4074,39.9
2017-03-13,1407.4,"TP","1.8",1407.4,1.4074,1.8
2017-03-21,1809.4,"TN","73.1",1809.4,1.8094,73.1
2017-03-21,1809.4,"TP","2.3",1809.4,1.8094,2.3
2017-03-28,1538.6,"TN","190",1538.6,1.5386,190
2017-03-28,1538.6,"TP","4.2",1538.6,1.5386,4.2
2017-04-04,1410,"TN","98.7",1410,1.41,98.7
2017-04-04,1410,"TP","2.1",1410,1.41,2.1
2017-04-12,1371.4,"TN","233",1371.4,1.3714,233
2017-04-12,1371.4,"TP","8.5",1371.4,1.3714,8.5
2017-04-19,1519.8,"TN","160",1519.8,1.5198,160
2017-04-19,1519.8,"TP","4.5",1519.8,1.5198,4.5
2017-04-28,1576.5,"TN","291",1576.5,1.5765,291
2017-04-28,1576.5,"TP","8",1576.5,1.5765,8
2017-05-05,1284.1,"TN","269",1284.1,1.2841,269
2017-05-05,1284.1,"TP","28.3",1284.1,1.2841,28.3
2017-05-09,1743,"TN","183",1743,1.743,183
2017-05-09,1743,"TP","13.1",1743,1.743,13.1
2017-05-16,1020.1,"TN","313",1020.1,1.0201,313
2017-05-16,1020.1,"TP","27.5",1020.1,1.0201,27.5
2017-05-23,780,"TN","222",780,0.78,222
2017-05-23,780,"TP","12.4",780,0.78,12.4
2017-05-30,799,"TN","878",799,0.799,878
2017-05-30,799,"TP","167",799,0.799,167
2017-06-06,732.2,"TN","971",732.2,0.7322,971
2017-06-06,732.2,"TP","156",732.2,0.7322,156
2017-06-15,809.3,"TN","1220",809.3,0.8093,1220
2017-06-15,809.3,"TP","166",809.3,0.8093,166
2017-06-22,1045.2,"TN","308",1045.2,1.0452,308
2017-06-22,1045.2,"TP","35.2",1045.2,1.0452,35.2
2017-06-28,573.5,"TN","351",573.5,0.5735,351
2017-06-28,573.5,"TP","41.5",573.5,0.5735,41.5
2017-07-05,629.8,"TN","85.4",629.8,0.6298,85.4
2017-07-05,629.8,"TP","2.6",629.8,0.6298,2.6
2017-07-13,1500.6,"TN","204",1500.6,1.5006,204
2017-07-13,1500.6,"TP","29.8",1500.6,1.5006,29.8
2017-07-19,814.8,"TN","195",814.8,0.8148,195
2017-07-19,814.8,"TP","18.4",814.8,0.8148,18.4
2017-07-26,1087.5,"TN","42.1",1087.5,1.0875,42.1
2017-07-26,1087.5,"TP","4.8",1087.5,1.0875,4.8
2017-07-31,847.9,"TN","87.4",847.9,0.8479,87.4
2017-07-31,847.9,"TP","10.3",847.9,0.8479,10.3
2017-08-08,1138.4,"TN","350",1138.4,1.1384,350
2017-08-08,1138.4,"TP","75",1138.4,1.1384,75
2017-08-17,1610.4,"TN","239",1610.4,1.6104,239
2017-08-17,1610.4,"TP","24.4",1610.4,1.6104,24.4
2017-08-22,1480.7,"TN","87.8",1480.7,1.4807,87.8
2017-08-22,1480.7,"TP","13.3",1480.7,1.4807,13.3
2017-08-31,965.9,"TN","277",965.9,0.9659,277
2017-08-31,965.9,"TP","30.4",965.9,0.9659,30.4
2017-09-06,1003.4,"TN","384",1003.4,1.0034,384
2017-09-06,1003.4,"TP","267",1003.4,1.0034,267
2017-09-11,948.1,"TN","172",948.1,0.9481,172
2017-09-11,948.1,"TP","22.6",948.1,0.9481,22.6
2017-09-15,837.9,"TN","426",837.9,0.8379,426
2017-09-15,837.9,"TP","161",837.9,0.8379,161
2017-09-21,1002.5,"TN","273",1002.5,1.0025,273
2017-09-21,1002.5,"TP","12.7",1002.5,1.0025,12.7
2017-09-27,1552.7,"TN","64.6",1552.7,1.5527,64.6
2017-09-27,1552.7,"TP","6.7",1552.7,1.5527,6.7
2017-10-04,1626.2,"TN","132",1626.2,1.6262,132
2017-10-04,1626.2,"TP","9",1626.2,1.6262,9
2017-10-13,1351.7,"TN","236",1351.7,1.3517,236
2017-10-13,1351.7,"TP","23.9",1351.7,1.3517,23.9
2017-10-18,1557.5,"TN","66.8",1557.5,1.5575,66.8
2017-10-18,1557.5,"TP","10.2",1557.5,1.5575,10.2
2017-10-23,1276.5,"TN","89",1276.5,1.2765,89
2017-10-23,1276.5,"TP","5",1276.5,1.2765,5
2017-10-30,1000.2,"TN","87.3",1000.2,1.0002,87.3
2017-10-30,1000.2,"TP","13.3",1000.2,1.0002,13.3
2017-11-07,2098.7,"TN","160",2098.7,2.0987,160
2017-11-07,2098.7,"TP","6.7",2098.7,2.0987,6.7
2017-11-14,1950.8,"TN","54.9",1950.8,1.9508,54.9
2017-11-14,1950.8,"TP","1.5",1950.8,1.9508,1.5
2017-11-20,1336,"TN","43.8",1336,1.336,43.8
2017-11-20,1336,"TP","7.6",1336,1.336,7.6
2017-11-27,934.1,"TN","46.1",934.1,0.9341,46.1
2017-11-27,934.1,"TP","1.5",934.1,0.9341,1.5
2017-12-04,1361.9,"TN","63.7",1361.9,1.3619,63.7
2017-12-04,1361.9,"TP","3.8",1361.9,1.3619,3.8
2017-12-11,1427.1,"TN","25",1427.1,1.4271,25
2017-12-11,1427.1,"TP","1.5",1427.1,1.4271,1.5
2017-12-18,1596.5,"TN","66.5",1596.5,1.5965,66.5
2017-12-18,1596.5,"TP","1.5",1596.5,1.5965,1.5
2017-12-22,2009.5,"TN","91.6",2009.5,2.0095,91.6
2017-12-22,2009.5,"TP","1.5",2009.5,2.0095,1.5
2018-01-02,2323.1,"TN","96.5",2323.1,2.3231,96.5
2018-01-02,2323.1,"TP","2.2",2323.1,2.3231,2.2
2018-01-10,1716,"TN","116",1716,1.716,116
2018-01-10,1716,"TP","1.5",1716,1.716,1.5
2018-01-16,1736.3,"TN","43",1736.3,1.7363,43
2018-01-16,1736.3,"TP","1.5",1736.3,1.7363,1.5
2018-01-23,764.1,"TN","72.1",764.1,0.7641,72.1
2018-01-23,764.1,"TP","7.7",764.1,0.7641,7.7
2018-01-30,1917.1,"TN","104",1917.1,1.9171,104
2018-01-30,1917.1,"TP","5.6",1917.1,1.9171,5.6
2018-02-07,1916.7,"TN","76.1",1916.7,1.9167,76.1
2018-02-07,1916.7,"TP","1.5",1916.7,1.9167,1.5
2018-02-13,1304.2,"TN","92",1304.2,1.3042,92
2018-02-13,1304.2,"TP","4.3",1304.2,1.3042,4.3
2018-02-21,1989.4,"TN","97.4",1989.4,1.9894,97.4
2018-02-21,1989.4,"TP","5.6",1989.4,1.9894,5.6
2018-02-27,1354.3,"TN","33",1354.3,1.3543,33
2018-02-27,1354.3,"TP","1.5",1354.3,1.3543,1.5
2018-03-07,1285.2,"TN","94.8",1285.2,1.2852,94.8
2018-03-07,1285.2,"TP","18.8",1285.2,1.2852,18.8
2018-03-14,1471.7,"TN","93.8",1471.7,1.4717,93.8
2018-03-14,1471.7,"TP","1.9",1471.7,1.4717,1.9
2018-03-21,1592.1,"TN","106",1592.1,1.5921,106
2018-03-21,1592.1,"TP","1.8",1592.1,1.5921,1.8
2018-03-28,725.5,"TN","118",725.5,0.7255,118
2018-03-28,725.5,"TP","4.5",725.5,0.7255,4.5
2018-04-04,1336.1,"TN","181",1336.1,1.3361,181
2018-04-04,1336.1,"TP","10.6",1336.1,1.3361,10.6
2018-04-11,2007,"TN","168",2007,2.007,168
2018-04-11,2007,"TP","5.9",2007,2.007,5.9
2018-04-18,1452.4,"TN","106",1452.4,1.4524,106
2018-04-18,1452.4,"TP","5.1",1452.4,1.4524,5.1
2018-04-25,982.1,"TN","128",982.1,0.9821,128
2018-04-25,982.1,"TP","12.1",982.1,0.9821,12.1
2018-05-03,1201.3,"TN","844",1201.3,1.2013,844
2018-05-03,1201.3,"TP","123",1201.3,1.2013,123
2018-05-10,1204.2,"TN","1170",1204.2,1.2042,1170
2018-05-10,1204.2,"TP","188",1204.2,1.2042,188
2018-05-16,1152.5,"TN","964",1152.5,1.1525,964
2018-05-16,1152.5,"TP","182",1152.5,1.1525,182
2018-05-23,1067.1,"TN","536",1067.1,1.0671,536
2018-05-23,1067.1,"TP","94.2",1067.1,1.0671,94.2
2018-05-30,829.2,"TN","1090",829.2,0.8292,1090
2018-05-30,829.2,"TP","168",829.2,0.8292,168
2018-06-07,908.4,"TN","548",908.4,0.9084,548
2018-06-07,908.4,"TP","84.9",908.4,0.9084,84.9
2018-06-14,1177.4,"TN","849",1177.4,1.1774,849
2018-06-14,1177.4,"TP","155",1177.4,1.1774,155
2018-06-22,484.9,"TN","390",484.9,0.4849,390
2018-06-22,484.9,"TP","67.5",484.9,0.4849,67.5
2018-06-29,1087.5,"TN","258",1087.5,1.0875,258
2018-06-29,1087.5,"TP","26.5",1087.5,1.0875,26.5
2018-07-06,1130.2,"TN","265",1130.2,1.1302,265
2018-07-06,1130.2,"TP","47.8",1130.2,1.1302,47.8
2018-07-13,1099,"TN","115",1099,1.099,115
2018-07-13,1099,"TP","13.4",1099,1.099,13.4
2018-07-20,725,"TN","156",725,0.725,156
2018-07-20,725,"TP","24.3",725,0.725,24.3
2018-07-27,1273.1,"TN","788",1273.1,1.2731,788
2018-07-27,1273.1,"TP","141",1273.1,1.2731,141
2018-08-02,535.5,"TN","357",535.5,0.5355,357
2018-08-02,535.5,"TP","80.5",535.5,0.5355,80.5
2018-08-10,1013.9,"TN","178",1013.9,1.0139,178
2018-08-10,1013.9,"TP","24.7",1013.9,1.0139,24.7
2018-08-16,1436.4,"TN","89.2",1436.4,1.4364,89.2
2018-08-16,1436.4,"TP","9.2",1436.4,1.4364,9.2
2018-08-21,1790.3,"TN","196",1790.3,1.7903,196
2018-08-21,1790.3,"TP","16.8",1790.3,1.7903,16.8
2018-08-28,1021.6,"TN","279",1021.6,1.0216,279
2018-08-28,1021.6,"TP","11.7",1021.6,1.0216,11.7
2018-09-05,669.3,"TN","268",669.3,0.6693,268
2018-09-05,669.3,"TP","70.5",669.3,0.6693,70.5
2018-09-14,1767.4,"TN","138",1767.4,1.7674,138
2018-09-14,1767.4,"TP","24.8",1767.4,1.7674,24.8
2018-09-21,1267.2,"TN","157",1267.2,1.2672,157
2018-09-21,1267.2,"TP","36.9",1267.2,1.2672,36.9
2018-09-28,1223.6,"TN","209",1223.6,1.2236,209
2018-09-28,1223.6,"TP","35.2",1223.6,1.2236,35.2
2018-10-05,1614.4,"TN","390",1614.4,1.6144,390
2018-10-05,1614.4,"TP","27.2",1614.4,1.6144,27.2
2018-10-12,1421.2,"TN","94.2",1421.2,1.4212,94.2
2018-10-12,1421.2,"TP","16.4",1421.2,1.4212,16.4
2018-10-22,1602.7,"TN","186",1602.7,1.6027,186
2018-10-22,1602.7,"TP","35",1602.7,1.6027,35
2018-10-29,1671.5,"TN","133",1671.5,1.6715,133
2018-10-29,1671.5,"TP","5.3",1671.5,1.6715,5.3
2018-11-05,2280,"TN","81.7",2280,2.28,81.7
2018-11-05,2280,"TP","3.8",2280,2.28,3.8
2018-11-14,1773.1,"TN","93.2",1773.1,1.7731,93.2
2018-11-14,1773.1,"TP","2.4",1773.1,1.7731,2.4
2018-11-21,1648.5,"TN","57.4",1648.5,1.6485,57.4
2018-11-21,1648.5,"TP","3.5",1648.5,1.6485,3.5
2018-11-27,1743,"TN","26.4",1743,1.743,26.4
2018-11-27,1743,"TP","2.8",1743,1.743,2.8
2018-12-04,1875.7,"TN","45.4",1875.7,1.8757,45.4
2018-12-04,1875.7,"TP","1.5",1875.7,1.8757,1.5
2018-12-11,1809.9,"TN","42.9",1809.9,1.8099,42.9
2018-12-11,1809.9,"TP","1.5",1809.9,1.8099,1.5
2018-12-19,1559.5,"TN","64.4",1559.5,1.5595,64.4
2018-12-19,1559.5,"TP","3.8",1559.5,1.5595,3.8
2018-12-27,1836.3,"TN","57",1836.3,1.8363,57
2018-12-27,1836.3,"TP","1.5",1836.3,1.8363,1.5
2019-01-03,1676.1,"TN","31.9",1676.1,1.6761,31.9
2019-01-03,1676.1,"TP","1.5",1676.1,1.6761,1.5
2019-01-10,464.7,"TN","50.2",464.7,0.4647,50.2
2019-01-10,464.7,"TP","1.5",464.7,0.4647,1.5
2019-01-17,1700,"TN","25",1700,1.7,25
2019-01-17,1700,"TP","1.5",1700,1.7,1.5
2019-01-24,2060.8,"TN","67.1",2060.8,2.0608,67.1
2019-01-24,2060.8,"TP","1.6",2060.8,2.0608,1.6
2019-01-31,1674.4,"TN","41",1674.4,1.6744,41
2019-01-31,1674.4,"TP","2.2",1674.4,1.6744,2.2
2019-02-07,2209.7,"TN","119",2209.7,2.2097,119
2019-02-07,2209.7,"TP","4.3",2209.7,2.2097,4.3
2019-02-14,2069.1,"TN","85.1",2069.1,2.0691,85.1
2019-02-14,2069.1,"TP","3.4",2069.1,2.0691,3.4
2019-02-21,1827.1,"TN","58.8",1827.1,1.8271,58.8
2019-02-21,1827.1,"TP","1.5",1827.1,1.8271,1.5
2019-02-28,1536,"TN","64.1",1536,1.536,64.1
2019-02-28,1536,"TP","2.1",1536,1.536,2.1
2019-03-08,1945.8,"TN","87.3",1945.8,1.9458,87.3
2019-03-08,1945.8,"TP","3.2",1945.8,1.9458,3.2
2019-03-14,1723.1,"TN","83.6",1723.1,1.7231,83.6
2019-03-14,1723.1,"TP","1.5",1723.1,1.7231,1.5
2019-03-22,958.5,"TN","62.3",958.5,0.9585,62.3
2019-03-22,958.5,"TP","2",958.5,0.9585,2
2019-03-28,1675.5,"TN","93.6",1675.5,1.6755,93.6
2019-03-28,1675.5,"TP","2.7",1675.5,1.6755,2.7
2019-04-04,1613.9,"TN","54.4",1613.9,1.6139,54.4
2019-04-04,1613.9,"TP","1.5",1613.9,1.6139,1.5
2019-04-11,1963.4,"TN","90.6",1963.4,1.9634,90.6
2019-04-11,1963.4,"TP","2",1963.4,1.9634,2
2019-04-19,1836.5,"TN","147",1836.5,1.8365,147
2019-04-19,1836.5,"TP","4.8",1836.5,1.8365,4.8
2019-04-24,1365.1,"TN","185",1365.1,1.3651,185
2019-04-24,1365.1,"TP","10.2",1365.1,1.3651,10.2
2019-05-03,1290.7,"TN","386",1290.7,1.2907,386
2019-05-03,1290.7,"TP","44.5",1290.7,1.2907,44.5
2019-05-10,1046.7,"TN","419",1046.7,1.0467,419
2019-05-10,1046.7,"TP","55.9",1046.7,1.0467,55.9
2019-05-17,892.1,"TN","718",892.1,0.8921,718
2019-05-17,892.1,"TP","80.1",892.1,0.8921,80.1
2019-05-24,1068.9,"TN","260",1068.9,1.0689,260
2019-05-24,1068.9,"TP","18.1",1068.9,1.0689,18.1
2019-05-28,1497.3,"TN","123",1497.3,1.4973,123
2019-05-28,1497.3,"TP","4.6",1497.3,1.4973,4.6
2019-06-04,696.6,"TN","1250",696.6,0.6966,1250
2019-06-04,696.6,"TP","272",696.6,0.6966,272
2019-06-12,714.2,"TN","526",714.2,0.7142,526
2019-06-12,714.2,"TP","68.1",714.2,0.7142,68.1
2019-06-20,692.6,"TN","793",692.6,0.6926,793
2019-06-20,692.6,"TP","132",692.6,0.6926,132
2019-06-26,1679,"TN","259",1679,1.679,259
2019-06-26,1679,"TP","30.4",1679,1.679,30.4
2019-07-03,869.9,"TN","471",869.9,0.8699,471
2019-07-03,869.9,"TP","139",869.9,0.8699,139
2019-07-11,831.7,"TN","450",831.7,0.8317,450
2019-07-11,831.7,"TP","34.3",831.7,0.8317,34.3
2019-07-18,980.2,"TN","838",980.2,0.9802,838
2019-07-18,980.2,"TP","123",980.2,0.9802,123
2019-07-26,795.9,"TN","378",795.9,0.7959,378
2019-07-26,795.9,"TP","79.9",795.9,0.7959,79.9
2019-08-02,719.9,"TN","210",719.9,0.7199,210
2019-08-02,719.9,"TP","48.7",719.9,0.7199,48.7
2019-08-08,2038.7,"TN","141",2038.7,2.0387,141
2019-08-08,2038.7,"TP","10.9",2038.7,2.0387,10.9
2019-08-16,1975.7,"TN","220",1975.7,1.9757,220
2019-08-16,1975.7,"TP","7.6",1975.7,1.9757,7.6
2019-08-23,900.8,"TN","310",900.8,0.9008,310
2019-08-23,900.8,"TP","21.7",900.8,0.9008,21.7
2019-08-30,817.5,"TN","151",817.5,0.8175,151
2019-08-30,817.5,"TP","12.6",817.5,0.8175,12.6
2019-09-06,827.7,"TN","185",827.7,0.8277,185
2019-09-06,827.7,"TP","6.9",827.7,0.8277,6.9
2019-09-11,1887.4,"TN","114",1887.4,1.8874,114
2019-09-11,1887.4,"TP","2",1887.4,1.8874,2
2019-09-17,1299.1,"TN","157",1299.1,1.2991,157
2019-09-17,1299.1,"TP","20.6",1299.1,1.2991,20.6
2019-11-08,581.8,"TN","88.7",581.8,0.5818,88.7
2019-11-08,581.8,"TP","5",581.8,0.5818,5
2020-01-31,1247,"TN","37.6",1247,1.247,37.6
2020-01-31,1247,"TP","1.5",1247,1.247,1.5
2020-02-07,1032.1,"TN","96.2",1032.1,1.0321,96.2
2020-02-07,1032.1,"TP","5.3",1032.1,1.0321,5.3
2020-02-14,1328.7,"TN","25",1328.7,1.3287,25
2020-02-14,1328.7,"TP","1.9",1328.7,1.3287,1.9
2020-02-21,920.8,"TN","87.9",920.8,0.9208,87.9
2020-02-21,920.8,"TP","2.7",920.8,0.9208,2.7
2020-02-28,1502.1,"TN","72.3",1502.1,1.5021,72.3
2020-02-28,1502.1,"TP","1.6",1502.1,1.5021,1.6
2020-03-06,1167.8,"TN","100",1167.8,1.1678,100
2020-03-06,1167.8,"TP","5.2",1167.8,1.1678,5.2
2020-03-13,1432.5,"TN","61.5",1432.5,1.4325,61.5
2020-03-13,1432.5,"TP","3.2",1432.5,1.4325,3.2
2020-03-20,1157.3,"TN","108",1157.3,1.1573,108
2020-03-20,1157.3,"TP","36.8",1157.3,1.1573,36.8
2020-03-27,1280.7,"TN","116",1280.7,1.2807,116
2020-03-27,1280.7,"TP","19.8",1280.7,1.2807,19.8
2020-04-03,1647.8,"TN","90.7",1647.8,1.6478,90.7
2020-04-03,1647.8,"TP","13.4",1647.8,1.6478,13.4
2020-04-10,1211.3,"TN","94.1",1211.3,1.2113,94.1
2020-04-10,1211.3,"TP","8",1211.3,1.2113,8
2020-04-17,1025.7,"TN","135",1025.7,1.0257,135
2020-04-17,1025.7,"TP","11.7",1025.7,1.0257,11.7
2020-05-02,1238.4,"TN","974",1238.4,1.2384,974
2020-05-02,1238.4,"TP","165",1238.4,1.2384,165
2020-05-09,1249.7,"TN","327",1249.7,1.2497,327
2020-05-09,1249.7,"TP","52.5",1249.7,1.2497,52.5
2020-05-16,1126,"TN","488",1126,1.126,488
2020-05-16,1126,"TP","85.6",1126,1.126,85.6
2020-05-22,1478.3,"TN","178",1478.3,1.4783,178
2020-05-22,1478.3,"TP","30.2",1478.3,1.4783,30.2
2020-05-29,1061.3,"TN","164",1061.3,1.0613,164
2020-05-29,1061.3,"TP","27.5",1061.3,1.0613,27.5
2020-06-05,773,"TN","907",773,0.773,907
2020-06-05,773,"TP","169",773,0.773,169
2020-06-18,1001.4,"TN","386",1001.4,1.0014,386
2020-06-18,1001.4,"TP","72.9",1001.4,1.0014,72.9
2020-06-26,1139.6,"TN","691",1139.6,1.1396,691
2020-06-26,1139.6,"TP","205",1139.6,1.1396,205
2020-07-02,1305.9,"TN","222",1305.9,1.3059,222
2020-07-02,1305.9,"TP","47.5",1305.9,1.3059,47.5
2020-07-10,607.5,"TN","350",607.5,0.6075,350
2020-07-10,607.5,"TP","42.1",607.5,0.6075,42.1
2020-07-17,579.3,"TN","248",579.3,0.5793,248
2020-07-17,579.3,"TP","30.8",579.3,0.5793,30.8
2020-07-31,1120.4,"TN","217",1120.4,1.1204,217
2020-07-31,1120.4,"TP","38.9",1120.4,1.1204,38.9
2020-08-07,1176,"TN","114",1176,1.176,114
2020-08-07,1176,"TP","21.9",1176,1.176,21.9
2020-08-14,1530.5,"TN","190",1530.5,1.5305,190
2020-08-14,1530.5,"TP","30.4",1530.5,1.5305,30.4
2020-08-19,1772.6,"TN","100",1772.6,1.7726,100
2020-08-19,1772.6,"TP","7",1772.6,1.7726,7
2020-08-26,1523.2,"TN","131",1523.2,1.5232,131
2020-08-26,1523.2,"TP","8.6",1523.2,1.5232,8.6
2020-09-01,747.9,"TN","272",747.9,0.7479,272
2020-09-01,747.9,"TP","59.6",747.9,0.7479,59.6
2020-09-08,607.7,"TN","531",607.7,0.6077,531
2020-09-08,607.7,"TP","94.6",607.7,0.6077,94.6
2020-09-15,1084.8,"TN","67.4",1084.8,1.0848,67.4
2020-09-15,1084.8,"TP","5.4",1084.8,1.0848,5.4
2020-09-22,1351.4,"TN","154",1351.4,1.3514,154
2020-09-22,1351.4,"TP","17",1351.4,1.3514,17
2020-10-01,1224.5,"TN","103",1224.5,1.2245,103
2020-10-01,1224.5,"TP","16.8",1224.5,1.2245,16.8
2020-10-08,872.4,"TN","104",872.4,0.8724,104
2020-10-08,872.4,"TP","11",872.4,0.8724,11
2020-10-15,1160.2,"TN","127",1160.2,1.1602,127
2020-10-15,1160.2,"TP","15.4",1160.2,1.1602,15.4
2020-10-22,1750.1,"TN","69.8",1750.1,1.7501,69.8
2020-10-22,1750.1,"TP","3.4",1750.1,1.7501,3.4
2020-11-12,2133.6,"TN","102",2133.6,2.1336,102
2020-11-12,2133.6,"TP","37.5",2133.6,2.1336,37.5
2020-11-19,1665,"TN","33.9",1665,1.665,33.9
2020-11-19,1665,"TP","1.5",1665,1.665,1.5
2020-11-24,1526.9,"TN","25.6",1526.9,1.5269,25.6
2020-11-24,1526.9,"TP","1.5",1526.9,1.5269,1.5
2020-12-02,1435.9,"TN","33.8",1435.9,1.4359,33.8
2020-12-02,1435.9,"TP","1.5",1435.9,1.4359,1.5
2020-12-09,1856.8,"TN","25",1856.8,1.8568,25
2020-12-09,1856.8,"TP","1.5",1856.8,1.8568,1.5
2020-12-17,1587.9,"TN","34.2",1587.9,1.5879,34.2
2020-12-17,1587.9,"TP","1.5",1587.9,1.5879,1.5
2020-12-28,1540.4,"TN","49.2",1540.4,1.5404,49.2
2020-12-28,1540.4,"TP","1.8",1540.4,1.5404,1.8
2021-01-06,1453.8,"TN","72.4",1453.8,1.4538,72.4
2021-01-06,1453.8,"TP","1.6",1453.8,1.4538,1.6
2021-01-13,1967.8,"TN","58.2",1967.8,1.9678,58.2
2021-01-13,1967.8,"TP","2.1",1967.8,1.9678,2.1
2021-01-20,1897.8,"TN","25.9",1897.8,1.8978,25.9
2021-01-20,1897.8,"TP","1.5",1897.8,1.8978,1.5
2021-01-28,1621.3,"TN","28.9",1621.3,1.6213,28.9
2021-01-28,1621.3,"TP","1.5",1621.3,1.6213,1.5
2021-02-09,2131.8,"TN","94.9",2131.8,2.1318,94.9
2021-02-09,2131.8,"TP","1.5",2131.8,2.1318,1.5
2021-02-25,1398.7,"TN","94.2",1398.7,1.3987,94.2
2021-02-25,1398.7,"TP","1.5",1398.7,1.3987,1.5
2021-03-05,1356,"TN","81.4",1356,1.356,81.4
2021-03-05,1356,"TP","1.5",1356,1.356,1.5
2021-03-26,1628.5,"TN","122",1628.5,1.6285,122
2021-03-26,1628.5,"TP","1.9",1628.5,1.6285,1.9
2021-04-02,1188,"TN","93.8",1188,1.188,93.8
2021-04-02,1188,"TP","9.7",1188,1.188,9.7
2021-04-09,1132.5,"TN","99.8",1132.5,1.1325,99.8
2021-04-09,1132.5,"TP","7.7",1132.5,1.1325,7.7
2021-04-15,1192.6,"TN","81.6",1192.6,1.1926,81.6
2021-04-15,1192.6,"TP","7.9",1192.6,1.1926,7.9
2021-04-22,1060.6,"TN","288",1060.6,1.0606,288
2021-04-22,1060.6,"TP","45",1060.6,1.0606,45
2021-04-30,1113,"TN","197",1113,1.113,197
2021-04-30,1113,"TP","26",1113,1.113,26
2021-05-07,788.8,"TN","553",788.8,0.7888,553
2021-05-07,788.8,"TP","97.2",788.8,0.7888,97.2
2021-05-14,1458.9,"TN","278",1458.9,1.4589,278
2021-05-14,1458.9,"TP","37.1",1458.9,1.4589,37.1
2021-05-21,889.8,"TN","414",889.8,0.8898,414
2021-05-21,889.8,"TP","57.8",889.8,0.8898,57.8
2021-05-27,4472,"TN","156",4472,4.472,156
2021-05-27,4472,"TP","5.8",4472,4.472,5.8
2021-06-03,617.3,"TN","647",617.3,0.6173,647
2021-06-03,617.3,"TP","124",617.3,0.6173,124
2021-06-11,2729.4,"TN","588",2729.4,2.7294,588
2021-06-11,2729.4,"TP","36.3",2729.4,2.7294,36.3
2021-06-25,1130.5,"TN","411",1130.5,1.1305,411
2021-06-25,1130.5,"TP","71.5",1130.5,1.1305,71.5
2021-07-02,991.3,"TN","308",991.3,0.9913,308
2021-07-02,991.3,"TP","83.4",991.3,0.9913,83.4
2021-07-09,881.9,"TN","419",881.9,0.8819,419
2021-07-09,881.9,"TP","102",881.9,0.8819,102
2021-07-16,837.9,"TN","378",837.9,0.8379,378
2021-07-16,837.9,"TP","71.4",837.9,0.8379,71.4
2021-07-26,1740,"TN","302",1740,1.74,302
2021-07-26,1740,"TP","102",1740,1.74,102
2021-08-12,1749.3,"TN","325",1749.3,1.7493,325
2021-08-12,1749.3,"TP","32.9",1749.3,1.7493,32.9
2021-08-20,1639.9,"TN","624",1639.9,1.6399,624
2021-08-20,1639.9,"TP","288",1639.9,1.6399,288
2021-08-24,1945.5,"TN","210",1945.5,1.9455,210
2021-08-24,1945.5,"TP","3.7",1945.5,1.9455,3.7
2021-09-02,831.7,"TN","458",831.7,0.8317,458
2021-09-02,831.7,"TP","35.1",831.7,0.8317,35.1
2021-09-10,546.1,"TN","144",546.1,0.5461,144
2021-09-10,546.1,"TP","14.7",546.1,0.5461,14.7
2021-10-08,1188.2,"TN","63.9",1188.2,1.1882,63.9
2021-10-08,1188.2,"TP","6.6",1188.2,1.1882,6.6
2021-10-15,1503.5,"TN","71.4",1503.5,1.5035,71.4
2021-10-15,1503.5,"TP","11.1",1503.5,1.5035,11.1
2021-10-22,1515.1,"TN","186",1515.1,1.5151,186
2021-10-22,1515.1,"TP","25.1",1515.1,1.5151,25.1
2021-11-04,1005.3,"TN","149",1005.3,1.0053,149
2021-11-04,1005.3,"TP","8.1",1005.3,1.0053,8.1
2021-12-08,929.6,"TN","96.8",929.6,0.9296,96.8
2021-12-08,929.6,"TP","1.8",929.6,0.9296,1.8
2021-12-15,1582.1,"TN","28.2",1582.1,1.5821,28.2
2021-12-15,1582.1,"TP","1.5",1582.1,1.5821,1.5
2021-12-22,1738.1,"TN","36.5",1738.1,1.7381,36.5
2021-12-22,1738.1,"TP","1.5",1738.1,1.7381,1.5
2022-01-14,1591.5,"TN","32.6",1591.5,1.5915,32.6
2022-01-14,1591.5,"TP","1.5",1591.5,1.5915,1.5
2022-01-21,1597.5,"TN","56.7",1597.5,1.5975,56.7
2022-01-21,1597.5,"TP","1.8",1597.5,1.5975,1.8
2022-01-28,1671,"TN","25",1671,1.671,25
2022-01-28,1671,"TP","1.5",1671,1.671,1.5
2022-02-11,1219.7,"TN","56",1219.7,1.2197,56
2022-02-11,1219.7,"TP","1.5",1219.7,1.2197,1.5
2022-02-18,1578.9,"TN","50.4",1578.9,1.5789,50.4
2022-02-18,1578.9,"TP","1.5",1578.9,1.5789,1.5
2022-02-25,1546.3,"TN","42.7",1546.3,1.5463,42.7
2022-02-25,1546.3,"TP","3.1",1546.3,1.5463,3.1
2022-03-04,990.6,"TN","39",990.6,0.9906,39
2022-03-04,990.6,"TP","1.5",990.6,0.9906,1.5
2022-03-11,1267,"TN","42.3",1267,1.267,42.3
2022-03-11,1267,"TP","2.6",1267,1.267,2.6
2022-03-18,1342.7,"TN","54.5",1342.7,1.3427,54.5
2022-03-18,1342.7,"TP","1.5",1342.7,1.3427,1.5
2022-03-25,2038.6,"TN","69",2038.6,2.0386,69
2022-03-25,2038.6,"TP","10.7",2038.6,2.0386,10.7
2022-03-30,1586.8,"TN","51.9",1586.8,1.5868,51.9
2022-03-30,1586.8,"TP","13.3",1586.8,1.5868,13.3
2022-04-08,1098.4,"TN","116",1098.4,1.0984,116
2022-04-08,1098.4,"TP","12.3",1098.4,1.0984,12.3
2022-04-22,1436.1,"TN","92.8",1436.1,1.4361,92.8
2022-04-22,1436.1,"TP","4.5",1436.1,1.4361,4.5
2022-05-02,1082.4,"TN","188",1082.4,1.0824,188
2022-05-02,1082.4,"TP","18.5",1082.4,1.0824,18.5
2022-05-09,1252.7,"TN","1020",1252.7,1.2527,1020
2022-05-09,1252.7,"TP","202",1252.7,1.2527,202
2022-05-20,808.7,"TN","765",808.7,0.8087,765
2022-05-20,808.7,"TP","160",808.7,0.8087,160
2022-05-25,839.2,"TN","388",839.2,0.8392,388
2022-05-25,839.2,"TP","68.1",839.2,0.8392,68.1
2022-05-31,1097.9,"TN","240",1097.9,1.0979,240
2022-05-31,1097.9,"TP","31.8",1097.9,1.0979,31.8
2022-06-07,1029.2,"TN","694",1029.2,1.0292,694
2022-06-07,1029.2,"TP","112",1029.2,1.0292,112
2022-06-15,1339.9,"TN","119",1339.9,1.3399,119
2022-06-15,1339.9,"TP","16.3",1339.9,1.3399,16.3
2022-06-21,1476.4,"TN","154",1476.4,1.4764,154
2022-06-21,1476.4,"TP","23.4",1476.4,1.4764,23.4
2022-06-29,737.4,"TN","579",737.4,0.7374,579
2022-06-29,737.4,"TP","220",737.4,0.7374,220
2022-07-05,998.5,"TN","316",998.5,0.9985,316
2022-07-05,998.5,"TP","84.1",998.5,0.9985,84.1
2022-07-12,606.3,"TN","492",606.3,0.6063,492
2022-07-12,606.3,"TP","104",606.3,0.6063,104
2022-07-20,1069.6,"TN","2790",1069.6,1.0696,2790
2022-07-20,1069.6,"TP","206",1069.6,1.0696,206
2022-07-27,1069.3,"TN","156",1069.3,1.0693,156
2022-07-27,1069.3,"TP","20.2",1069.3,1.0693,20.2
2022-08-03,1135.9,"TN","326",1135.9,1.1359,326
2022-08-03,1135.9,"TP","736",1135.9,1.1359,736
2022-08-10,747,"TN","277",747,0.747,277
2022-08-10,747,"TP","94.8",747,0.747,94.8
2022-08-18,1131.3,"TN","198",1131.3,1.1313,198
2022-08-18,1131.3,"TP","26.4",1131.3,1.1313,26.4
2022-08-26,1328.4,"TN","215",1328.4,1.3284,215
2022-08-26,1328.4,"TP","47.5",1328.4,1.3284,47.5
2022-09-08,1644.3,"TN","166",1644.3,1.6443,166
2022-09-08,1644.3,"TP","53.3",1644.3,1.6443,53.3
2022-09-16,2120.4,"TN","48.7",2120.4,2.1204,48.7
2022-09-16,2120.4,"TP","6.9",2120.4,2.1204,6.9
2022-09-23,1256.5,"TN","88.2",1256.5,1.2565,88.2
2022-09-23,1256.5,"TP","10.1",1256.5,1.2565,10.1
2022-09-30,1309.8,"TN","210",1309.8,1.3098,210
2022-09-30,1309.8,"TP","31.2",1309.8,1.3098,31.2
2022-10-07,1509,"TN","191",1509,1.509,191
2022-10-07,1509,"TP","33.5",1509,1.509,33.5
2022-10-14,1322.2,"TN","82.9",1322.2,1.3222,82.9
2022-10-14,1322.2,"TP","18.5",1322.2,1.3222,18.5
2022-10-20,1569.1,"TN","128",1569.1,1.5691,128
2022-10-20,1569.1,"TP","21.6",1569.1,1.5691,21.6
2022-10-27,1777.9,"TN","40.7",1777.9,1.7779,40.7
2022-10-27,1777.9,"TP","1.5",1777.9,1.7779,1.5
2022-11-03,1626.4,"TN","74.8",1626.4,1.6264,74.8
2022-11-03,1626.4,"TP","4.9",1626.4,1.6264,4.9
2022-11-17,714.8,"TN","61.8",714.8,0.7148,61.8
2022-11-17,714.8,"TP","1.5",714.8,0.7148,1.5
2022-11-23,1857.8,"TN","25",1857.8,1.8578,25
2022-11-23,1857.8,"TP","2.6",1857.8,1.8578,2.6
2022-12-07,1738.2,"TN","34.5",1738.2,1.7382,34.5
2022-12-07,1738.2,"TP","23.1",1738.2,1.7382,23.1
2023-01-03,1648.8,"TN","25",1648.8,1.6488,25
2023-01-03,1648.8,"TP","1.5",1648.8,1.6488,1.5
2023-01-11,1716.6,"TN","29.2",1716.6,1.7166,29.2
2023-01-11,1716.6,"TP","1.5",1716.6,1.7166,1.5
2023-01-18,1802.7,"TN","34.4",1802.7,1.8027,34.4
2023-01-18,1802.7,"TP","1.6",1802.7,1.8027,1.6
2023-01-25,1699.2,"TN","40.7",1699.2,1.6992,40.7
2023-01-25,1699.2,"TP","1.5",1699.2,1.6992,1.5
2023-02-10,1523.3,"TN","31.1",1523.3,1.5233,31.1
2023-02-10,1523.3,"TP","1.5",1523.3,1.5233,1.5
2023-02-17,1513.6,"TN","39.6",1513.6,1.5136,39.6
2023-02-17,1513.6,"TP","1.5",1513.6,1.5136,1.5
2023-02-27,1562.8,"TN","530",1562.8,1.5628,530
2023-02-27,1562.8,"TP","74.5",1562.8,1.5628,74.5
2023-03-06,1498.9,"TN","54.2",1498.9,1.4989,54.2
2023-03-06,1498.9,"TP","2.3",1498.9,1.4989,2.3
2023-03-14,1600.3,"TN","50",1600.3,1.6003,50
2023-03-14,1600.3,"TP","1.5",1600.3,1.6003,1.5
2023-03-21,1530.7,"TN","42.5",1530.7,1.5307,42.5
2023-03-21,1530.7,"TP","1.5",1530.7,1.5307,1.5
2023-03-28,1418.4,"TN","51.4",1418.4,1.4184,51.4
2023-03-28,1418.4,"TP","1.5",1418.4,1.4184,1.5
2023-04-04,1321.9,"TN","77.3",1321.9,1.3219,77.3
2023-04-04,1321.9,"TP","2.1",1321.9,1.3219,2.1
2023-04-11,1178.9,"TN","114",1178.9,1.1789,114
2023-04-11,1178.9,"TP","7.4",1178.9,1.1789,7.4
2023-04-19,1310.8,"TN","95.7",1310.8,1.3108,95.7
2023-04-19,1310.8,"TP","7.5",1310.8,1.3108,7.5
2023-04-26,1493.2,"TN","78.6",1493.2,1.4932,78.6
2023-04-26,1493.2,"TP","3.1",1493.2,1.4932,3.1
2023-05-03,633.6,"TN","591",633.6,0.6336,591
2023-05-03,633.6,"TP","84",633.6,0.6336,84
2023-05-10,1360.6,"TN","134",1360.6,1.3606,134
2023-05-10,1360.6,"TP","13.3",1360.6,1.3606,13.3
2023-05-17,800.3,"TN","274",800.3,0.8003,274
2023-05-17,800.3,"TP","39.3",800.3,0.8003,39.3
2023-05-23,1063.8,"TN","461",1063.8,1.0638,461
2023-05-23,1063.8,"TP","84.6",1063.8,1.0638,84.6
2023-05-30,1285.6,"TN","229",1285.6,1.2856,229
2023-05-30,1285.6,"TP","28.5",1285.6,1.2856,28.5
2023-06-06,1071.6,"TN","163",1071.6,1.0716,163
2023-06-06,1071.6,"TP","22.9",1071.6,1.0716,22.9
2023-06-14,1552.6,"TN","568",1552.6,1.5526,568
2023-06-14,1552.6,"TP","130",1552.6,1.5526,130
2023-06-21,2228.2,"TN","70.8",2228.2,2.2282,70.8
2023-06-21,2228.2,"TP","7.9",2228.2,2.2282,7.9
2023-06-28,1696.2,"TN","111",1696.2,1.6962,111
2023-06-28,1696.2,"TP","14.6",1696.2,1.6962,14.6
2023-07-05,1097.7,"TN","254",1097.7,1.0977,254
2023-07-05,1097.7,"TP","62.3",1097.7,1.0977,62.3
2023-07-12,1445.7,"TN","285",1445.7,1.4457,285
2023-07-12,1445.7,"TP","41",1445.7,1.4457,41
2023-07-19,338.8,"TN","1340",338.8,0.3388,1340
2023-07-19,338.8,"TP","109",338.8,0.3388,109
2023-07-26,1584.3,"TN","128",1584.3,1.5843,128
2023-07-26,1584.3,"TP","12.7",1584.3,1.5843,12.7
2023-08-02,2052.9,"TN","156",2052.9,2.0529,156
2023-08-02,2052.9,"TP","245",2052.9,2.0529,245
2023-08-10,2478.9,"TN","83.9",2478.9,2.4789,83.9
2023-08-10,2478.9,"TP","33.4",2478.9,2.4789,33.4
2023-08-17,2040.6,"TN","86.8",2040.6,2.0406,86.8
2023-08-17,2040.6,"TP","21.5",2040.6,2.0406,21.5
2023-08-23,2839.7,"TN","113",2839.7,2.8397,113
2023-08-23,2839.7,"TP","38.7",2839.7,2.8397,38.7
2023-08-31,2469.4,"TN","127",2469.4,2.4694,127
2023-08-31,2469.4,"TP","38.8",2469.4,2.4694,38.8
2023-09-07,2329.7,"TN","33.5",2329.7,2.3297,33.5
2023-09-07,2329.7,"TP","3.4",2329.7,2.3297,3.4
2023-09-14,2084.8,"TN","103",2084.8,2.0848,103
2023-09-14,2084.8,"TP","7.6",2084.8,2.0848,7.6
2023-09-20,1344.6,"TN","47.2",1344.6,1.3446,47.2
2023-09-20,1344.6,"TP","6.6",1344.6,1.3446,6.6
2023-09-29,1255.2,"TN","102",1255.2,1.2552,102
2023-09-29,1255.2,"TP","11.1",1255.2,1.2552,11.1
2023-10-06,1688,"TN","70.6",1688,1.688,70.6
2023-10-06,1688,"TP","7",1688,1.688,7
2023-10-13,1812.6,"TN","56.1",1812.6,1.8126,56.1
2023-10-13,1812.6,"TP","7.2",1812.6,1.8126,7.2
2023-10-20,1596.9,"TN","31.9",1596.9,1.5969,31.9
2023-10-20,1596.9,"TP","5",1596.9,1.5969,5
2023-10-30,1780.5,"TN","100",1780.5,1.7805,100
2023-10-30,1780.5,"TP","14.9",1780.5,1.7805,14.9
2023-11-02,1913.9,"TN","25",1913.9,1.9139,25
2023-11-02,1913.9,"TP","1.5",1913.9,1.9139,1.5
2023-11-09,1867.4,"TN","25",1867.4,1.8674,25
2023-11-09,1867.4,"TP","1.5",1867.4,1.8674,1.5
2023-11-17,1565.7,"TN","43.8",1565.7,1.5657,43.8
2023-11-17,1565.7,"TP","2",1565.7,1.5657,2
2023-11-27,1579.9,"TN","65.8",1579.9,1.5799,65.8
2023-11-27,1579.9,"TP","1.5",1579.9,1.5799,1.5
2023-12-04,1746.3,"TN","69.4",1746.3,1.7463,69.4
2023-12-04,1746.3,"TP","1.5",1746.3,1.7463,1.5
2023-12-12,1826.8,"TN","44.4",1826.8,1.8268,44.4
2023-12-12,1826.8,"TP","1.5",1826.8,1.8268,1.5
2023-12-19,1729.9,"TN","25",1729.9,1.7299,25
2023-12-19,1729.9,"TP","1.5",1729.9,1.7299,1.5
2023-12-27,1740.8,"TN","40.7",1740.8,1.7408,40.7
2023-12-27,1740.8,"TP","1.5",1740.8,1.7408,1.5
