"dateOn","dateOff","TN_wet_kg"
2007-09-25 15:00:00,2007-10-02 15:00:00,135.961379372861
2007-10-02 15:00:00,2007-10-09 15:00:00,113.104436057054
2007-10-09 15:00:00,2007-10-16 15:00:00,7.4523100517506
2007-10-16 15:00:00,2007-10-23 15:00:00,61.7707892824642
2007-10-23 15:00:00,2007-10-30 15:00:00,49.9825251837205
2007-10-30 15:00:00,2007-11-06 17:00:00,NA
2007-11-06 17:00:00,2007-11-13 16:00:00,190.745577537597
2007-11-13 16:00:00,2007-11-20 17:00:00,71.7986158783318
2007-11-20 17:00:00,2007-11-27 16:00:00,14.3757487143891
2007-11-27 16:00:00,2007-12-04 16:00:00,53.3985150400924
2007-12-04 16:00:00,2007-12-11 15:00:00,27.8194253692853
2007-12-11 15:00:00,2007-12-18 17:00:00,97.3979044438071
2007-12-18 17:00:00,2007-12-24 16:00:00,55.7861470261879
2007-12-24 16:00:00,2007-12-31 17:00:00,66.7585763977969
2007-12-31 17:00:00,2008-01-08 16:00:00,NA
2008-01-08 16:00:00,2008-01-15 16:00:00,93.0931487973354
2008-01-15 16:00:00,2008-01-22 16:00:00,39.8114682276328
2008-01-22 16:00:00,2008-01-29 17:00:00,115.590237069137
2008-01-29 17:00:00,2008-02-05 16:00:00,112.653003224353
2008-02-05 16:00:00,2008-02-12 16:00:00,151.106198954983
2008-02-12 16:00:00,2008-02-19 16:00:00,90.0275048923599
2008-02-19 16:00:00,2008-02-26 16:00:00,NA
2008-02-26 16:00:00,2008-03-04 17:00:00,103.756653031865
2008-03-04 17:00:00,2008-03-11 14:00:00,32.9052420971902
2008-03-11 14:00:00,2008-03-18 15:00:00,165.567771212582
2008-03-18 15:00:00,2008-03-25 16:00:00,55.0790426246528
2008-03-25 16:00:00,2008-04-01 16:00:00,206.016031457348
2008-04-01 16:00:00,2008-04-08 16:00:00,80.5780248243814
2008-04-08 16:00:00,2008-04-15 15:00:00,118.560522931853
2008-04-15 15:00:00,2008-04-22 15:00:00,NA
2008-04-22 15:00:00,2008-04-29 15:00:00,129.067186556836
2008-04-29 15:00:00,2008-05-06 15:00:00,140.209850515883
2008-05-06 15:00:00,2008-05-13 15:00:00,268.321907490678
2008-05-13 15:00:00,2008-05-20 16:00:00,8.95345268068641
2008-05-20 16:00:00,2008-05-27 15:00:00,119.767160690849
2008-05-27 15:00:00,2008-06-03 15:00:00,114.265419535142
2008-06-03 15:00:00,2008-06-10 15:00:00,158.537223068065
2008-06-10 15:00:00,2008-06-17 15:00:00,44.3946390535365
2008-06-17 15:00:00,2008-06-24 15:00:00,NA
2008-06-24 15:00:00,2008-07-01 19:00:00,87.2058734524771
2008-07-01 20:00:00,2008-07-08 16:00:00,63.9857370774619
2008-07-08 16:00:00,2008-07-15 15:00:00,NA
2008-07-15 15:00:00,2008-07-22 15:00:00,NA
2008-07-22 15:00:00,2008-07-29 16:00:00,79.8335539207958
2008-07-29 16:00:00,2008-08-05 16:00:00,NA
2008-08-05 16:00:00,2008-08-12 16:00:00,31.7452845881161
2008-08-12 16:00:00,2008-08-19 16:00:00,NA
2008-08-19 16:00:00,2008-08-26 15:00:00,150.793813188322
2008-08-26 15:00:00,2008-09-02 16:00:00,74.5658066729881
2008-09-02 16:00:00,2008-09-09 15:00:00,NA
2008-09-09 16:00:00,2008-09-16 16:00:00,42.3300003863426
2008-09-16 16:00:00,2008-09-23 16:00:00,116.985827719877
2008-09-23 16:00:00,2008-09-30 15:00:00,NA
2008-09-30 15:00:00,2008-10-06 17:00:00,NA
2008-10-06 17:00:00,2008-10-14 15:00:00,NA
2008-10-14 15:00:00,2008-10-21 15:00:00,NA
2008-10-21 15:00:00,2008-10-28 15:00:00,NA
2008-10-28 15:00:00,2008-11-04 16:00:00,49.069117416847
2008-11-04 16:00:00,2008-11-12 16:00:00,110.716296142085
2008-11-12 16:00:00,2008-11-18 17:00:00,17.0391848967027
2008-11-18 17:00:00,2008-11-25 17:00:00,NA
2008-11-25 17:00:00,2008-12-02 18:00:00,NA
2008-12-02 18:00:00,2008-12-09 18:00:00,NA
2008-12-09 18:00:00,2008-12-16 19:00:00,73.2938550573339
2008-12-16 19:00:00,2008-12-23 17:00:00,111.822956182497
2008-12-23 18:00:00,2008-12-30 18:00:00,125.974052126628
2008-12-30 18:00:00,2009-01-06 17:00:00,NA
2009-01-06 17:00:00,2009-01-13 16:00:00,NA
2009-01-13 16:00:00,2009-01-20 16:00:00,NA
2009-01-20 16:00:00,2009-01-27 17:00:00,4.65709693225827
2009-01-27 17:00:00,2009-02-03 16:00:00,43.8222917919992
2009-02-03 16:00:00,2009-02-10 16:00:00,60.2961103463529
2009-02-10 16:00:00,2009-02-17 17:00:00,60.4801992282509
2009-02-17 17:00:00,2009-02-24 16:00:00,66.7639292020689
2009-02-24 16:00:00,2009-03-03 16:00:00,NA
2009-03-03 16:00:00,2009-03-10 19:00:00,97.5094584882014
2009-03-10 19:00:00,2009-03-17 16:00:00,61.0773558615551
2009-03-17 16:00:00,2009-03-24 15:00:00,115.839311064991
2009-03-24 15:00:00,2009-03-31 16:00:00,141.148446361757
2009-03-31 16:00:00,2009-04-07 14:00:00,51.1127641784751
2009-04-07 14:00:00,2009-04-14 15:00:00,19.1870379798365
2009-04-14 15:00:00,2009-04-21 15:00:00,42.574710045901
2009-04-21 15:00:00,2009-04-28 15:00:00,232.607997501111
2009-04-28 15:00:00,2009-05-05 16:00:00,50.9501138715885
2009-05-05 16:00:00,2009-05-12 15:00:00,161.070241528111
2009-05-12 15:00:00,2009-05-19 17:00:00,269.357028328797
2009-05-19 17:00:00,2009-05-26 15:00:00,289.167221486371
2009-05-26 15:00:00,2009-06-02 15:00:00,NA
2009-06-02 15:00:00,2009-06-09 16:00:00,16.3641754988615
2009-06-09 16:00:00,2009-06-16 15:00:00,0.244339288157263
2009-06-16 15:00:00,2009-06-23 16:00:00,151.536783247162
2009-06-23 16:00:00,2009-06-30 15:00:00,NA
2009-06-30 15:00:00,2009-07-07 16:00:00,41.6128429979965
2009-07-07 16:00:00,2009-07-14 15:00:00,56.278478089629
2009-07-14 15:00:00,2009-07-21 16:00:00,4.22782537101421
2009-07-21 16:00:00,2009-07-28 14:00:00,83.9879339324385
2009-07-28 14:00:00,2009-08-04 16:00:00,24.1856165212181
2009-08-04 16:00:00,2009-08-11 15:00:00,26.6872390363732
2009-08-11 15:00:00,2009-08-18 15:00:00,179.936237415125
2009-08-18 15:00:00,2009-08-25 19:00:00,9.66769135030794
2009-08-25 19:00:00,2009-09-01 15:00:00,NA
2009-09-01 15:00:00,2009-09-08 15:00:00,NA
2009-09-08 15:00:00,2009-09-15 18:00:00,NA
2009-09-15 18:00:00,2009-09-22 14:00:00,30.4144443814596
2009-09-22 14:00:00,2009-09-29 15:00:00,NA
2009-09-29 15:00:00,2009-10-06 15:00:00,20.2161860293179
2009-10-06 15:00:00,2009-10-13 15:00:00,44.3651170701609
2009-10-13 15:00:00,2009-10-20 15:00:00,98.8865239076565
2009-10-20 15:00:00,2009-10-27 15:00:00,93.8017679623112
2009-10-27 15:00:00,2009-11-03 17:00:00,96.5072176172305
2009-11-03 17:00:00,2009-11-10 15:00:00,34.4265038187418
2009-11-10 15:00:00,2009-11-17 17:00:00,63.7746480960072
2009-11-17 17:00:00,2009-11-24 16:00:00,NA
2009-11-24 16:00:00,2009-12-01 17:00:00,67.1642461902107
2009-12-01 17:00:00,2009-12-08 16:00:00,16.4518188703319
2009-12-08 16:00:00,2009-12-15 17:00:00,173.072739071023
2009-12-15 17:00:00,2009-12-23 17:00:00,131.91328187541
2009-12-23 17:00:00,2009-12-29 18:00:00,NA
2009-12-29 18:00:00,2010-01-05 17:00:00,64.8188828893637
2010-01-05 17:00:00,2010-01-12 16:00:00,36.2483222649144
2010-01-12 16:00:00,2010-01-19 16:00:00,54.9856374883825
2010-01-19 16:00:00,2010-01-26 16:00:00,7.7568618930486
2010-01-26 16:00:00,2010-02-02 16:00:00,79.6528622496885
2010-02-02 16:00:00,2010-02-09 16:00:00,8.11878871369041
2010-02-09 16:00:00,2010-02-16 17:00:00,36.3405451241801
2010-02-16 17:00:00,2010-02-23 16:00:00,13.4744211063831
2010-02-23 16:00:00,2010-03-02 16:00:00,31.3677750619378
2010-03-02 16:00:00,2010-03-09 17:00:00,97.1838227323469
2010-03-09 17:00:00,2010-03-16 15:00:00,NA
2010-03-16 15:00:00,2010-03-23 15:00:00,82.1327171268962
2010-03-23 15:00:00,2010-03-30 15:00:00,69.5336251159326
2010-03-30 15:00:00,2010-04-06 15:00:00,44.0085761530027
2010-04-06 15:00:00,2010-04-13 16:00:00,142.013411358247
2010-04-13 16:00:00,2010-04-20 15:00:00,167.957242545312
2010-04-20 15:00:00,2010-04-27 15:00:00,28.34192700829
2010-04-27 15:00:00,2010-05-04 16:00:00,207.222547785592
2010-05-04 16:00:00,2010-05-11 16:00:00,53.0197190528132
2010-05-11 16:00:00,2010-05-18 16:00:00,NA
2010-05-18 16:00:00,2010-05-25 15:00:00,24.4731406480166
2010-05-25 15:00:00,2010-06-01 15:00:00,207.016767739839
2010-06-01 15:00:00,2010-06-08 15:00:00,133.108147291543
2010-06-08 15:00:00,2010-06-23,NA
2010-06-23,2010-06-29 23:00:00,NA
2010-06-29 23:00:00,2010-07-06 15:00:00,57.3013100167607
2010-07-06 15:00:00,2010-07-13 15:00:00,0.361122402507225
2010-07-13 15:00:00,2010-07-20 16:00:00,18.6748138544017
2010-07-20 16:00:00,2010-07-27 14:00:00,32.3820518711243
2010-07-27 14:00:00,2010-08-03 15:00:00,241.1933973041
2010-08-03 15:00:00,2010-08-10 15:00:00,NA
2010-08-10 15:00:00,2010-08-17 23:00:00,85.1408387358691
2010-08-17 23:00:00,2010-08-24 14:00:00,80.5003650691717
2010-08-24 14:00:00,2010-08-31 14:00:00,30.4093101203407
2010-08-31 14:00:00,2010-09-07 15:00:00,68.4917412781246
2010-09-07 15:00:00,2010-09-14 15:00:00,63.6529095227824
2010-09-14 15:00:00,2010-09-22,218.892594992227
2010-09-22,2010-09-28 15:00:00,11.6231615325526
2010-09-28 15:00:00,2010-10-05 15:00:00,65.704229006266
2010-10-05 15:00:00,2010-10-12 16:00:00,54.2734482939778
2010-10-12 16:00:00,2010-10-26 15:00:00,NA
2010-10-26 15:00:00,2010-11-02 15:00:00,281.665318193052
2010-11-02 15:00:00,2010-11-09 16:00:00,88.3696637547849
2010-11-09 16:00:00,2010-11-16 16:00:00,29.945932862147
2010-11-16 16:00:00,2010-11-22 18:00:00,152.769088536172
2010-11-22 18:00:00,2010-11-29 17:00:00,95.0603124492334
2010-11-29 17:00:00,2010-12-07 17:00:00,61.074278338441
2010-12-07 17:00:00,2010-12-14 16:00:00,62.7665858170264
2010-12-14 16:00:00,2010-12-21 16:00:00,16.4204832962659
2010-12-21 16:00:00,2010-12-28 21:00:00,20.9613608788298
2010-12-28 21:00:00,2011-01-04 17:00:00,NA
2011-01-04 17:00:00,2011-01-10 16:00:00,49.926382685639
2011-01-10 16:00:00,2011-01-18 18:00:00,157.647111133414
2011-01-18 18:00:00,2011-01-25 22:00:00,34.9907928982535
2011-01-25 22:00:00,2011-02-01 21:00:00,NA
2011-02-01 21:00:00,2011-02-08 16:00:00,NA
2011-02-08 16:00:00,2011-02-15 16:00:00,51.1258369329805
2011-02-15 16:00:00,2011-02-22 19:00:00,73.0379218127838
2011-02-22 19:00:00,2011-03-01 17:00:00,235.700308251353
2011-03-01 17:00:00,2011-03-08 16:00:00,144.381200134525
2011-03-08 16:00:00,2011-03-31 17:00:00,NA
2011-03-31 17:00:00,2011-04-05 22:00:00,119.341893973622
2011-04-05 22:00:00,2011-04-12 15:00:00,85.8483401307205
2011-04-12 15:00:00,2011-04-19 16:00:00,345.006207488751
2011-04-19 16:00:00,2011-04-26 16:00:00,103.304815782072
2011-04-26 16:00:00,2011-05-03 15:00:00,171.102239003327
2011-05-03 15:00:00,2011-05-10 15:00:00,104.390522041624
2011-05-10 15:00:00,2011-05-17 15:00:00,27.6183889907141
2011-05-17 15:00:00,2011-05-24 16:00:00,NA
2011-05-24 16:00:00,2011-05-31 15:00:00,248.860325153809
2011-05-31 15:00:00,2011-06-07 15:00:00,200.197502377411
2011-06-07 15:00:00,2011-06-14 15:00:00,113.641665395275
2011-06-14 15:00:00,2011-06-21 16:00:00,209.903396676664
2011-06-21 16:00:00,2011-06-28 16:00:00,47.7169762244976
2011-06-28 16:00:00,2011-07-05 15:00:00,NA
2011-07-05 15:00:00,2011-07-12 16:00:00,8.32475994467362
2011-07-12 16:00:00,2011-07-19 15:00:00,NA
2011-07-19 15:00:00,2011-07-26 16:00:00,160.989754310372
2011-07-26 16:00:00,2011-08-02 16:00:00,76.5600859352818
2011-08-02 16:00:00,2011-08-09 16:00:00,NA
2011-08-09 16:00:00,2011-08-16 16:00:00,22.6725942939038
2011-08-16 16:00:00,2011-08-23 16:00:00,NA
2011-08-23 16:00:00,2011-08-30 16:00:00,20.1089719710221
2011-08-30 16:00:00,2011-09-06 16:00:00,94.0542076833708
2011-09-06 16:00:00,2011-09-13 16:00:00,NA
2011-09-13 16:00:00,2011-09-20 16:00:00,56.5809184452289
2011-09-20 16:00:00,2011-09-27 16:00:00,65.8363635479329
2011-09-27 16:00:00,2011-10-04 16:00:00,NA
2011-10-04 16:00:00,2011-10-11 15:00:00,132.195542822869
2011-10-11 15:00:00,2011-10-18 16:00:00,2.91769950721438
2011-10-18 16:00:00,2011-10-25 16:00:00,19.1118297160765
2011-10-25 16:00:00,2011-11-01 16:00:00,NA
2011-11-01 16:00:00,2011-11-08 17:00:00,69.5448505887148
2011-11-08 17:00:00,2011-11-15 17:00:00,115.143173468249
2011-11-15 17:00:00,2011-11-22 17:00:00,57.7721174555405
2011-11-22 17:00:00,2011-11-29 17:00:00,24.8349730119025
2011-11-29 17:00:00,2011-12-06 18:00:00,45.6680520127537
2011-12-06 18:00:00,2011-12-13 17:00:00,NA
2011-12-13 17:00:00,2011-12-20 17:00:00,76.4902251963497
2011-12-20 17:00:00,2011-12-27 17:00:00,16.3829852521958
2011-12-27 17:00:00,2012-01-03 17:00:00,31.5738381258781
2012-01-03 17:00:00,2012-01-10 17:00:00,51.5186184046578
2012-01-10 17:00:00,2012-01-17 16:00:00,50.5999226924734
2012-01-17 16:00:00,2012-01-24 16:00:00,70.3531786293249
2012-01-24 16:00:00,2012-01-31 17:00:00,133.100437836505
2012-01-31 17:00:00,2012-02-07 16:00:00,30.967145073887
2012-02-07 16:00:00,2012-02-14 17:00:00,35.8050153670955
2012-02-14 17:00:00,2012-02-21 17:00:00,NA
2012-02-21 17:00:00,2012-02-28 17:00:00,201.4340543157
2012-02-28 17:00:00,2012-03-06 17:00:00,113.420527138898
2012-03-06 17:00:00,2012-03-13 15:00:00,74.6336184816187
2012-03-13 15:00:00,2012-03-20 16:00:00,53.8031558876126
2012-03-20 16:00:00,2012-03-27 16:00:00,192.200698138022
2012-03-27 16:00:00,2012-04-03 16:00:00,114.573024869591
2012-04-03 16:00:00,2012-04-10 16:00:00,16.6036609202879
2012-04-10 16:00:00,2012-04-17 15:00:00,149.253573117999
2012-04-17 15:00:00,2012-04-24 15:00:00,128.190183030178
2012-04-24 15:00:00,2012-05-01 16:00:00,110.803814339069
2012-05-01 16:00:00,2012-05-08 16:00:00,68.3409506991619
2012-05-08 16:00:00,2012-05-15 15:00:00,NA
2012-05-15 15:00:00,2012-05-22 15:00:00,57.4944086698001
2012-05-22 15:00:00,2012-05-29 17:00:00,116.325616863819
2012-05-29 17:00:00,2012-06-05 16:00:00,126.5496836951
2012-06-05 16:00:00,2012-06-12 15:00:00,161.578208093299
2012-06-12 15:00:00,2012-06-19 16:00:00,249.425791552592
2012-06-19 16:00:00,2012-06-26 16:00:00,NA
2012-06-26 16:00:00,2012-07-03 16:00:00,179.570392335825
2012-07-03 16:00:00,2012-07-10 16:00:00,10.7475741849176
2012-07-10 16:00:00,2012-07-17 16:00:00,NA
2012-07-17 16:00:00,2012-07-24 16:00:00,NA
2012-07-24 16:00:00,2012-07-31 17:00:00,NA
2012-07-31 17:00:00,2012-08-07 16:00:00,NA
2012-08-07 16:00:00,2012-08-14 17:00:00,NA
2012-08-14 17:00:00,2012-08-21 16:00:00,NA
2012-08-21 16:00:00,2012-08-28 16:00:00,NA
2012-08-28 16:00:00,2012-09-04 16:00:00,NA
2012-09-04 16:00:00,2012-09-11 16:00:00,47.5764804057605
2012-09-11 16:00:00,2012-09-18 16:00:00,NA
2012-09-18 16:00:00,2012-09-25 16:00:00,NA
2012-09-25 16:00:00,2012-10-02 15:00:00,NA
2012-10-02 15:00:00,2012-10-09 17:00:00,96.3823873138085
2012-10-09 17:00:00,2012-10-16 16:00:00,118.654950997564
2012-10-16 16:00:00,2012-10-23 17:00:00,177.000243218837
2012-10-23 17:00:00,2012-10-30 15:00:00,92.397545015373
2012-10-30 15:00:00,2012-11-06 17:00:00,151.950366030983
2012-11-06 17:00:00,2012-11-13 17:00:00,42.2039893416256
2012-11-13 17:00:00,2012-11-20 17:00:00,86.1086871798157
2012-11-20 17:00:00,2012-11-27 17:00:00,64.1177014242894
2012-11-27 17:00:00,2012-12-04 17:00:00,55.219073263152
2012-12-04 17:00:00,2012-12-11 18:00:00,68.755946622433
2012-12-11 18:00:00,2012-12-18 17:00:00,96.3039306279331
2012-12-18 17:00:00,2012-12-24 17:00:00,135.460936229541
2012-12-24 17:00:00,2012-12-31 17:00:00,NA
2012-12-31 17:00:00,2013-01-08 17:00:00,65.370424950822
2013-01-08 17:00:00,2013-01-15 17:00:00,44.1031987637508
2013-01-15 17:00:00,2013-01-22 17:00:00,NA
2013-01-22 17:00:00,2013-01-29 18:00:00,92.2184333505948
2013-01-29 18:00:00,2013-02-05 17:00:00,24.3925661089098
2013-02-05 17:00:00,2013-02-12 17:00:00,35.4222906259637
2013-02-12 17:00:00,2013-02-19 18:00:00,132.598921943413
2013-02-19 18:00:00,2013-02-26 17:00:00,139.449729424001
2013-02-26 17:00:00,2013-03-05 17:00:00,197.975377342752
2013-03-05 17:00:00,2013-03-12 16:00:00,82.0059627474247
2013-03-12 16:00:00,2013-03-19 16:00:00,161.503176071677
2013-03-19 16:00:00,2013-03-26 20:00:00,36.129356438372
2013-03-26 20:00:00,2013-04-02 16:00:00,41.9078434138234
2013-04-02 16:00:00,2013-04-09 16:00:00,103.138165110911
2013-04-09 16:00:00,2013-04-16 15:00:00,160.153540382462
2013-04-16 15:00:00,2013-04-23 16:00:00,131.715754122653
2013-04-23 16:00:00,2013-04-30 16:00:00,19.2633287844013
2013-04-30 16:00:00,2013-05-07 16:00:00,46.592873077832
2013-05-07 16:00:00,2013-05-14 16:00:00,NA
2013-05-14 16:00:00,2013-05-21 15:00:00,31.120891329438
2013-05-21 15:00:00,2013-05-28 15:00:00,NA
2013-05-28 15:00:00,2013-06-04 16:00:00,42.4873013124572
2013-06-04 16:00:00,2013-06-11 16:00:00,NA
2013-06-11 16:00:00,2013-06-18 16:00:00,NA
2013-06-18 16:00:00,2013-06-25 16:00:00,360.992121071654
2013-06-25 16:00:00,2013-07-02 16:00:00,15.4590896839231
2013-07-02 16:00:00,2013-07-09 16:00:00,63.6141519916076
2013-07-09 16:00:00,2013-07-16 16:00:00,NA
2013-07-16 16:00:00,2013-07-23 17:00:00,NA
2013-07-23 17:00:00,2013-07-30 16:00:00,NA
2013-07-30 16:00:00,2013-08-06 16:00:00,92.0868153452056
2013-08-06 16:00:00,2013-08-13 16:00:00,NA
2013-08-13 16:00:00,2013-08-20 16:00:00,NA
2013-08-20 16:00:00,2013-08-27 16:00:00,118.983434886104
2013-08-27 16:00:00,2013-09-03 16:00:00,NA
2013-09-03 16:00:00,2013-09-10 15:00:00,123.969963986348
2013-09-10 15:00:00,2013-09-17 16:00:00,20.3334032222478
2013-09-17 16:00:00,2013-09-24 16:00:00,137.142292262199
2013-09-24 16:00:00,2013-10-01 15:00:00,148.470763755035
2013-10-01 15:00:00,2013-10-08 15:00:00,24.5225370409839
2013-10-08 15:00:00,2013-10-15 15:00:00,130.824425489773
2013-10-15 15:00:00,2013-10-22 16:00:00,NA
2013-10-22 16:00:00,2013-10-29 16:00:00,NA
2013-10-29 16:00:00,2013-11-05 17:00:00,91.7803499230532
2013-11-05 17:00:00,2013-11-12 17:00:00,143.823800731575
2013-11-12 17:00:00,2013-11-19 17:00:00,174.522416985703
2013-11-19 17:00:00,2013-11-26 17:00:00,19.7378325788785
2013-11-26 17:00:00,2013-12-03 17:00:00,62.9981781175001
2013-12-03 17:00:00,2013-12-10 17:00:00,22.5689723753629
2013-12-10 17:00:00,2013-12-17 17:00:00,67.5298734942118
2013-12-17 17:00:00,2013-12-24 16:00:00,NA
2013-12-24 16:00:00,2013-12-31 17:00:00,51.0714172144511
2013-12-31 17:00:00,2014-01-07 17:00:00,66.019877018198
2014-01-07 17:00:00,2014-01-14 17:00:00,239.155939602545
2014-01-14 17:00:00,2014-01-21 17:00:00,NA
2014-01-21 17:00:00,2014-01-28 17:00:00,33.0677814685199
2014-01-28 17:00:00,2014-02-04 17:00:00,31.7392746823683
2014-02-04 17:00:00,2014-02-11 17:00:00,38.928062729274
2014-02-11 17:00:00,2014-02-18 17:00:00,100.588158284954
2014-02-18 17:00:00,2014-02-25 17:00:00,49.2555663093185
2014-02-25 17:00:00,2014-03-04 18:00:00,97.0170160734295
2014-03-04 18:00:00,2014-03-11 16:00:00,161.879828703745
2014-03-11 16:00:00,2014-03-18 17:00:00,132.47003844766
2014-03-18 17:00:00,2014-03-25 16:00:00,94.9283417667192
2014-03-25 16:00:00,2014-04-01 16:00:00,164.562789080514
2014-04-01 16:00:00,2014-04-08 16:00:00,57.8609738535924
2014-04-08 16:00:00,2014-04-15 15:00:00,29.3068602844122
2014-04-15 15:00:00,2014-04-22 16:00:00,223.322653321439
2014-04-22 16:00:00,2014-04-29 16:00:00,182.212510733411
2014-04-29 16:00:00,2014-05-06 16:00:00,155.022966328902
2014-05-06 16:00:00,2014-05-13 16:00:00,69.4547853554361
2014-05-13 16:00:00,2014-05-20 15:00:00,NA
2014-05-20 15:00:00,2014-05-27 16:00:00,NA
2014-05-27 16:00:00,2014-06-03 16:00:00,182.494767489515
2014-06-03 16:00:00,2014-06-10 16:00:00,27.6740400387236
2014-06-10 16:00:00,2014-06-17 17:00:00,208.306602076312
2014-06-17 17:00:00,2014-06-24 19:00:00,149.786250998664
2014-06-24 19:00:00,2014-07-01 18:00:00,137.937471873913
2014-07-01 18:00:00,2014-07-08 16:00:00,10.7825011627301
2014-07-08 16:00:00,2014-07-15 17:00:00,214.795393558947
2014-07-15 17:00:00,2014-07-22 18:00:00,15.5106155770991
2014-07-22 18:00:00,2014-07-29 18:00:00,NA
2014-07-29 18:00:00,2014-08-05 16:00:00,85.6665737902048
2014-08-05 16:00:00,2014-08-12 18:00:00,NA
2014-08-12 18:00:00,2014-08-19 16:00:00,177.138989284026
2014-08-19 16:00:00,2014-08-26 19:00:00,164.27385888596
2014-08-26 19:00:00,2014-09-02 16:00:00,47.2835094018615
2014-09-02 16:00:00,2014-09-09 16:00:00,28.2952857314219
2014-09-09 16:00:00,2014-09-16 17:00:00,29.051702948291
2014-09-16 17:00:00,2014-09-23 16:00:00,NA
2014-09-23 16:00:00,2014-09-30 20:00:00,19.2799351872338
2014-09-30 20:00:00,2014-10-07 16:00:00,58.5387638376657
2014-10-07 16:00:00,2014-10-14 20:00:00,26.3660077387115
2014-10-14 20:00:00,2014-10-21 17:00:00,56.0987261405487
2014-10-21 17:00:00,2014-10-28 18:00:00,73.8343984126403
2014-10-28 18:00:00,2014-11-04 18:00:00,134.622252827517
2014-11-04 18:00:00,2014-11-11 19:00:00,185.460019200992
2014-11-11 19:00:00,2014-11-18 18:00:00,NA
2014-11-18 19:00:00,2014-11-25 20:00:00,100.017370806598
2014-11-25 20:00:00,2014-12-02 19:00:00,NA
2014-12-02 19:00:00,2014-12-09 19:00:00,38.9923282266534
2014-12-09 19:00:00,2014-12-16 19:00:00,24.4695839188461
2014-12-16 19:00:00,2014-12-23 20:00:00,81.8220095670547
2014-12-23 20:00:00,2014-12-30 19:00:00,55.9820667742233
2014-12-30 19:00:00,2015-01-06 19:00:00,NA
2015-01-06 19:00:00,2015-01-13 18:00:00,NA
2015-01-13 19:00:00,2015-01-20 18:00:00,NA
2015-01-20 18:00:00,2015-01-27 18:00:00,NA
2015-01-27 18:00:00,2015-02-03 18:00:00,NA
2015-02-03 18:00:00,2015-02-10 19:00:00,212.993404787824
2015-02-10 19:00:00,2015-02-17 19:00:00,38.6314493813625
2015-02-17 19:00:00,2015-02-24 18:00:00,101.601647538734
2015-02-24 18:00:00,2015-03-03 18:00:00,5.74966660001405
2015-03-03 18:00:00,2015-03-10 18:00:00,NA
2015-03-10 18:00:00,2015-03-17 18:00:00,203.777815947512
2015-03-17 18:00:00,2015-03-24 18:00:00,56.5256812214175
2015-03-24 18:00:00,2015-03-31 18:00:00,123.155139869362
2015-03-31 18:00:00,2015-04-07 17:00:00,114.758693725971
2015-04-07 17:00:00,2015-04-14 18:00:00,NA
2015-04-14 18:00:00,2015-04-21 18:00:00,12.1855429844459
2015-04-21 18:00:00,2015-04-28 17:00:00,18.9029410773974
2015-04-28 17:00:00,2015-05-05 16:00:00,NA
2015-05-05 16:00:00,2015-05-12 16:00:00,130.182296443007
2015-05-12 16:00:00,2015-05-19 16:00:00,86.7410290749946
2015-05-19 16:00:00,2015-05-26 21:00:00,NA
2015-05-26 21:00:00,2015-06-02 15:00:00,224.59535716764
2015-06-02 15:00:00,2015-06-09 15:00:00,33.460467747433
2015-06-09 15:00:00,2015-06-16 16:00:00,NA
2015-06-16 16:00:00,2015-06-23 16:00:00,NA
2015-06-23 16:00:00,2015-06-30 15:00:00,NA
2015-06-30 15:00:00,2015-07-07 17:00:00,NA
2015-07-07 17:00:00,2015-07-14 16:00:00,83.1806190939292
2015-07-14 16:00:00,2015-07-21 15:00:00,10.5100147273312
2015-07-21 15:00:00,2015-07-28 17:00:00,NA
2015-07-28 17:00:00,2015-08-04 16:00:00,NA
2015-08-04 16:00:00,2015-08-11 15:00:00,NA
2015-08-11 15:00:00,2015-08-18 17:00:00,103.014222067249
2015-08-18 17:00:00,2015-08-25 16:00:00,NA
2015-08-25 16:00:00,2015-09-01 18:00:00,NA
2015-09-01 18:00:00,2015-09-08 15:00:00,111.262351969461
2015-09-08 15:00:00,2015-09-15 15:00:00,39.7621580679442
2015-09-15 15:00:00,2015-09-22 15:00:00,49.9137346663005
2015-09-22 15:00:00,2015-09-29 15:00:00,NA
2015-09-29 15:00:00,2015-10-06 17:00:00,NA
2015-10-06 17:00:00,2015-10-13 17:00:00,NA
2015-10-13 17:00:00,2015-10-20 16:00:00,NA
2015-10-20 16:00:00,2015-10-27 16:00:00,59.0253740289982
2015-10-27 16:00:00,2015-11-03 17:00:00,167.442499125433
2015-11-03 17:00:00,2015-11-10 16:00:00,91.093797924859
2015-11-10 16:00:00,2015-11-17 16:00:00,66.3398578808406
2015-11-17 16:00:00,2015-11-24 17:00:00,146.684088526263
2015-11-24 17:00:00,2015-12-01 15:00:00,6.94846297802503
2015-12-01 15:00:00,2015-12-08 15:00:00,56.5681189815698
2015-12-08 15:00:00,2015-12-15 17:00:00,59.6363020832903
2015-12-15 17:00:00,2015-12-22 18:00:00,NA
2015-12-22 18:00:00,2015-12-29 16:00:00,91.9043004223379
2015-12-29 16:00:00,2016-01-05 19:00:00,9.81473405654544
2016-01-05 19:00:00,2016-01-12 23:00:00,55.4345621941496
2016-01-12 23:00:00,2016-01-19 17:00:00,121.614701030802
2016-01-19 17:00:00,2016-01-26 16:00:00,69.3044580370743
2016-01-26 16:00:00,2016-02-02 16:00:00,70.1562442071722
2016-02-02 16:00:00,2016-02-09 14:00:00,44.2199796382294
2016-02-09 14:00:00,2016-02-16 16:00:00,130.194069553725
2016-02-16 16:00:00,2016-02-23 22:00:00,124.974268058397
2016-02-23 22:00:00,2016-03-01 19:00:00,29.4100957366785
2016-03-01 19:00:00,2016-03-08 15:00:00,125.477229760153
2016-03-08 15:00:00,2016-03-15 20:00:00,157.238440419364
2016-03-15 20:00:00,2016-03-23 01:00:00,31.2076043404326
2016-03-23 01:00:00,2016-03-29 20:00:00,120.912142391605
2016-03-29 20:00:00,2016-04-06 01:00:00,56.0856643425669
2016-04-06 01:00:00,2016-04-12 17:00:00,NA
2016-04-12 17:00:00,2016-04-19 18:00:00,148.545563090113
2016-04-19 18:00:00,2016-04-26 16:00:00,249.55032088701
2016-04-26 16:00:00,2016-05-03 17:00:00,NA
2016-05-03 17:00:00,2016-05-10 15:00:00,57.6447074784562
2016-05-10 15:00:00,2016-05-17 17:00:00,58.0432319644146
2016-05-17 17:00:00,2016-05-25 01:00:00,199.652518627491
2016-05-25 01:00:00,2016-05-31 16:00:00,88.4650045822355
2016-05-31 16:00:00,2016-06-07 17:00:00,34.8178762467841
2016-06-07 17:00:00,2016-06-14 17:00:00,99.3975057926423
2016-06-14 17:00:00,2016-06-21 21:00:00,257.531270697572
2016-06-21 21:00:00,2016-06-29 03:00:00,66.601019875112
2016-06-29 03:00:00,2016-07-05 18:00:00,NA
2016-07-05 18:00:00,2016-07-12 14:00:00,162.743726870376
2016-07-12 14:00:00,2016-07-19 16:00:00,37.433271483854
2016-07-19 16:00:00,2016-07-26 14:00:00,NA
2016-07-26 14:00:00,2016-08-02 15:00:00,NA
2016-08-02 15:00:00,2016-08-09 16:00:00,154.066482834847
2016-08-09 16:00:00,2016-08-16 19:00:00,49.907279066842
2016-08-16 19:00:00,2016-08-23 17:00:00,19.7649755153512
2016-08-23 17:00:00,2016-08-30 18:00:00,NA
2016-08-30 18:00:00,2016-09-06 15:00:00,60.797966277043
2016-09-06 15:00:00,2016-09-21 01:00:00,NA
2016-09-21 01:00:00,2016-09-27 15:00:00,22.9969023757319
2016-09-27 15:00:00,2016-10-04 17:00:00,155.557496034726
2016-10-04 17:00:00,2016-10-11 18:00:00,446.306809092663
2016-10-11 18:00:00,2016-10-18 18:00:00,142.795827119549
2016-10-18 18:00:00,2016-10-25 16:00:00,253.070976613601
2016-10-25 16:00:00,2016-10-31 14:00:00,133.792645175532
2016-10-31 14:00:00,2016-11-08 18:00:00,NA
2016-11-08 18:00:00,2016-11-15 20:00:00,89.3337217702056
2016-11-15 20:00:00,2016-11-22 21:00:00,108.142580003394
2016-11-22 21:00:00,2016-11-30 02:00:00,63.3679647175653
2016-11-30 02:00:00,2016-12-06 17:00:00,89.5481258886807
2016-12-06 17:00:00,2016-12-13 17:00:00,46.0156436159056
2016-12-13 17:00:00,2016-12-20 17:00:00,41.0316600480927
2016-12-20 17:00:00,2016-12-27 17:00:00,61.138475896991
2016-12-27 17:00:00,2017-01-03 16:00:00,NA
2017-01-03 17:00:00,2017-01-10 18:00:00,80.4188020302421
2017-01-10 19:00:00,2017-01-17 18:00:00,NA
2017-01-17 18:00:00,2017-01-24 17:00:00,47.3295801626133
2017-01-24 17:00:00,2017-01-31 19:00:00,13.0407458518616
2017-01-31 19:00:00,2017-02-07 19:00:00,NA
2017-02-07 19:00:00,2017-02-14 14:00:00,40.5137772538649
2017-02-14 14:00:00,2017-02-21 14:00:00,64.3768411101745
2017-02-21 14:00:00,2017-03-01 02:00:00,84.7044117250555
2017-03-01 02:00:00,2017-03-07 15:00:00,207.445122795609
2017-03-07 15:00:00,2017-03-14 12:00:00,131.35371892656
2017-03-14 12:00:00,2017-03-21 15:00:00,108.117079628647
2017-03-21 15:00:00,2017-03-28 18:00:00,127.238915135003
2017-03-28 18:00:00,2017-04-05,115.991352907582
2017-04-05,2017-04-11 17:00:00,198.861239323617
2017-04-11 17:00:00,2017-04-19,221.918257171935
2017-04-19,2017-04-25 17:00:00,287.30483390424
2017-04-25 17:00:00,2017-05-03 02:00:00,192.700770526014
2017-05-03 02:00:00,2017-05-09 17:00:00,75.7382836671072
2017-05-09 17:00:00,2017-05-16 19:00:00,NA
2017-05-16 19:00:00,2017-05-23 16:00:00,9.64952615447602
2017-05-23 16:00:00,2017-05-30 14:00:00,21.2045951319291
2017-05-30 14:00:00,2017-06-06 21:00:00,64.4059561189295
2017-06-06 21:00:00,2017-06-13 17:00:00,NA
2017-06-13 17:00:00,2017-06-20 12:00:00,373.049518711197
2017-06-20 12:00:00,2017-06-28 01:00:00,84.9058675911961
2017-06-28 01:00:00,2017-07-04 13:00:00,8.23576787694017
2017-07-04 13:00:00,2017-07-11 13:00:00,NA
2017-07-11 13:00:00,2017-07-18 19:00:00,33.9102369961711
2017-07-18 19:00:00,2017-07-25 18:00:00,NA
2017-07-25 18:00:00,2017-08-01 13:00:00,NA
2017-08-01 13:00:00,2017-08-08 16:00:00,NA
2017-08-08 16:00:00,2017-08-15 15:00:00,NA
2017-08-15 15:00:00,2017-08-22 13:00:00,NA
2017-08-22 13:00:00,2017-08-30,39.0415408497177
2017-08-30,2017-09-05 16:00:00,NA
2017-09-05 16:00:00,2017-09-12 17:00:00,NA
2017-09-12 17:00:00,2017-09-19 16:00:00,143.979678438818
2017-09-19 16:00:00,2017-09-27,177.234168587735
2017-09-27,2017-10-03 20:00:00,74.2616267069543
2017-10-03 20:00:00,2017-10-09 15:00:00,25.4687527806563
2017-10-09 15:00:00,2017-10-17 20:00:00,NA
2017-10-17 20:00:00,2017-10-24 16:00:00,113.211350266281
2017-10-24 16:00:00,2017-10-31 16:00:00,17.9751036362781
2017-10-31 16:00:00,2017-11-07 20:00:00,NA
2017-11-07 20:00:00,2017-11-15 01:00:00,50.3718299627891
2017-11-15 02:00:00,2017-11-23,113.527296271337
2017-11-23,2017-11-28 19:00:00,67.6503631073735
2017-11-28 19:00:00,2017-12-06,48.4845643901333
2017-12-06,2017-12-12 15:00:00,NA
2017-12-12 15:00:00,2017-12-19 16:00:00,70.6316423967971
2017-12-19 16:00:00,2017-12-26 18:00:00,NA
2017-12-26 18:00:00,2018-01-02 14:00:00,253.453398018471
2018-01-02 14:00:00,2018-01-09 19:00:00,55.7057291789993
2018-01-09 19:00:00,2018-01-16 21:00:00,174.697990842646
2018-01-16 21:00:00,2018-01-23 18:00:00,22.972605951436
2018-01-23 18:00:00,2018-01-30 20:00:00,162.113956777464
2018-01-30 20:00:00,2018-02-07 01:00:00,NA
2018-02-07 01:00:00,2018-02-14 02:00:00,NA
2018-02-14 02:00:00,2018-02-21 02:00:00,NA
2018-02-21 02:00:00,2018-03-02 03:00:00,NA
2018-03-02 03:00:00,2018-03-07 01:00:00,NA
2018-03-07 01:00:00,2018-03-13 18:00:00,NA
2018-03-13 18:00:00,2018-03-21,NA
2018-03-21,2018-03-27 16:00:00,NA
2018-03-27 16:00:00,2018-04-03 17:00:00,NA
2018-04-03 17:00:00,2018-04-10 18:00:00,NA
2018-04-10 18:00:00,2018-04-17 16:00:00,NA
2018-04-17 16:00:00,2018-04-24 18:00:00,55.093315350857
2018-04-24 18:00:00,2018-05-01 18:00:00,78.1558763248644
2018-05-01 18:00:00,2018-05-08 18:00:00,NA
2018-05-08 18:00:00,2018-05-16,357.614770834745
2018-05-16,2018-05-22 17:00:00,NA
2018-05-22 17:00:00,2018-05-29 14:00:00,108.179724186711
2018-05-29 14:00:00,2018-06-05 16:00:00,126.462074785095
2018-06-05 16:00:00,2018-06-13 03:00:00,133.95371141212
2018-06-13 03:00:00,2018-06-26 16:00:00,NA
2018-06-26 16:00:00,2018-07-04 02:00:00,61.5998380140328
2018-07-04 02:00:00,2018-07-10 17:00:00,NA
2018-07-10 17:00:00,2018-07-17 21:00:00,NA
2018-07-17 21:00:00,2018-07-24 18:00:00,NA
2018-07-24 18:00:00,2018-08-01 15:00:00,104.852824598563
2018-08-01 15:00:00,2018-08-07 17:00:00,NA
2018-08-07 17:00:00,2018-08-14 19:00:00,NA
2018-08-14 19:00:00,2018-08-21 15:00:00,NA
2018-08-21 15:00:00,2018-08-28 16:00:00,159.627533956917
2018-08-28 16:00:00,2018-09-04 17:00:00,NA
2018-09-04 17:00:00,2018-09-11 23:00:00,NA
2018-09-11 23:00:00,2018-09-18 19:00:00,65.4241003092395
2018-09-18 19:00:00,2018-09-25 18:00:00,70.2146740173163
2018-09-25 18:00:00,2018-10-02 17:00:00,NA
2018-10-02 17:00:00,2018-10-09 19:00:00,55.0015106995747
2018-10-09 19:00:00,2018-10-16 15:00:00,NA
2018-10-16 15:00:00,2018-10-24,NA
2018-10-24,2018-10-30 14:00:00,NA
2018-10-30 14:00:00,2018-11-07 03:00:00,276.416756573066
2018-11-07 03:00:00,2018-11-13 13:00:00,90.36962498007
2018-11-13 13:00:00,2018-11-20 13:00:00,NA
2018-11-20 13:00:00,2018-11-27 14:00:00,26.172039395742
2018-11-27 14:00:00,2018-12-04 13:00:00,69.4416215039818
2018-12-04 13:00:00,2018-12-11 14:00:00,22.3326199289059
2018-12-11 14:00:00,2018-12-18 13:00:00,43.5278778987971
2018-12-18 13:00:00,2019-01-29 14:00:00,NA
2019-01-29 14:00:00,2019-02-05 14:00:00,NA
2019-02-05 14:00:00,2019-02-12 14:00:00,NA
2019-02-12 14:00:00,2019-02-19 17:00:00,NA
2019-02-19 17:00:00,2019-02-26 17:00:00,NA
2019-02-26 17:00:00,2019-03-05 22:00:00,NA
2019-03-05 22:00:00,2019-03-12 19:00:00,NA
2019-03-12 19:00:00,2019-03-19 21:00:00,42.6991870507452
2019-03-19 21:00:00,2019-03-26 15:00:00,NA
2019-03-26 15:00:00,2019-04-02 12:00:00,NA
2019-04-02 12:00:00,2019-04-09 16:00:00,171.359772553725
2019-04-09 16:00:00,2019-04-16 12:00:00,163.16483132553
2019-04-16 12:00:00,2019-04-24,199.355049790833
2019-04-24,2019-04-30 12:00:00,NA
2019-04-30 12:00:00,2019-05-07 16:00:00,88.5983053735785
2019-05-07 16:00:00,2019-05-14 11:00:00,NA
2019-05-14 11:00:00,2019-05-21 11:00:00,NA
2019-05-21 11:00:00,2019-05-28 11:00:00,NA
2019-05-28 11:00:00,2019-06-04 11:00:00,NA
2019-06-04 11:00:00,2019-06-11 15:00:00,NA
2019-06-11 15:00:00,2019-06-18 12:00:00,NA
2019-06-18 12:00:00,2019-06-25 16:00:00,NA
2019-06-25 16:00:00,2019-07-02 17:00:00,85.4502238374353
2019-07-02 17:00:00,2019-07-09 17:00:00,180.001269021451
2019-07-09 17:00:00,2019-07-16 16:00:00,92.1625514082932
2019-07-16 16:00:00,2019-07-23 13:00:00,NA
2019-07-23 13:00:00,2019-07-30 13:00:00,NA
2019-07-30 13:00:00,2019-08-06 16:00:00,NA
2019-08-06 16:00:00,2019-08-13 13:00:00,163.146377279023
2019-08-13 13:00:00,2019-08-20 13:00:00,76.8285712703979
2019-08-20 13:00:00,2019-08-27 20:00:00,69.7164222572857
2019-08-27 20:00:00,2019-09-03 13:00:00,6.98184297080325
2019-09-03 13:00:00,2019-09-10 13:00:00,153.557061789897
2019-09-10 13:00:00,2019-09-17 16:00:00,26.224556380693
2019-09-17 16:00:00,2019-09-24 16:00:00,109.130598512069
2019-09-24 16:00:00,2019-10-01 21:00:00,81.2419267885386
2019-10-01 21:00:00,2019-10-09,NA
2019-10-09,2019-10-15 16:00:00,NA
2019-10-15 16:00:00,2019-10-22 16:00:00,NA
2019-10-22 16:00:00,2019-10-29 18:00:00,NA
2019-10-29 18:00:00,2019-11-12 18:00:00,NA
2019-11-12 18:00:00,2019-11-19 13:00:00,NA
2019-11-19 13:00:00,2019-11-26 13:00:00,NA
2019-11-26 13:00:00,2019-12-03 19:00:00,NA
2019-12-03 19:00:00,2019-12-10 13:00:00,NA
2019-12-10 13:00:00,2019-12-17 12:00:00,NA
2019-12-17 12:00:00,2019-12-24 13:00:00,NA
2019-12-24 13:00:00,2019-12-31 12:00:00,NA
2019-12-31 12:00:00,2020-01-07 12:00:00,86.9281998960564
2020-01-07 12:00:00,2020-01-14 12:00:00,105.478297390319
2020-01-14 12:00:00,2020-01-21 12:00:00,84.7192683424932
2020-01-21 12:00:00,2020-02-04 12:00:00,NA
2020-02-04 12:00:00,2020-02-11 12:00:00,64.58122187148
2020-02-11 12:00:00,2020-02-18 17:00:00,211.279550806396
2020-02-18 17:00:00,2020-02-25 12:00:00,53.5974929838776
2020-02-25 12:00:00,2020-03-03 12:00:00,NA
2020-03-03 12:00:00,2020-03-10 11:00:00,NA
2020-03-10 11:00:00,2020-03-17 12:00:00,66.7543325338067
2020-03-17 12:00:00,2020-03-24 12:00:00,23.6432610680788
2020-03-24 12:00:00,2020-03-31 17:00:00,193.932938673327
2020-03-31 17:00:00,2020-04-07 16:00:00,271.019313668413
2020-04-07 16:00:00,2020-04-14 18:00:00,NA
2020-04-14 18:00:00,2020-04-21 18:00:00,52.1861398983398
2020-04-21 18:00:00,2020-04-28 15:00:00,193.531955944458
2020-04-28 15:00:00,2020-05-05 15:00:00,23.2949757712372
2020-05-05 15:00:00,2020-05-12 15:00:00,86.1993990512217
2020-05-12 15:00:00,2020-05-19 15:00:00,82.3653346285289
2020-05-19 15:00:00,2020-05-26 18:00:00,111.855839221064
2020-05-26 18:00:00,2020-06-02 16:00:00,165.445414158855
2020-06-02 16:00:00,2020-06-09 15:00:00,154.756588351822
2020-06-09 15:00:00,2020-06-16 16:00:00,NA
2020-06-16 16:00:00,2020-06-23 16:00:00,34.966823351451
2020-06-23 16:00:00,2020-06-30 16:00:00,185.96972881036
2020-06-30 16:00:00,2020-07-07 16:00:00,108.702083372727
2020-07-07 16:00:00,2020-07-14 17:00:00,239.481572414366
2020-07-14 17:00:00,2020-07-21 16:00:00,4.32153637180542
2020-07-21 16:00:00,2020-07-28 16:00:00,NA
2020-07-28 16:00:00,2020-08-04 17:00:00,47.5825521627432
2020-08-04 17:00:00,2020-08-11 17:00:00,71.8996843611983
2020-08-11 17:00:00,2020-08-18 16:00:00,NA
2020-08-18 16:00:00,2020-08-25 17:00:00,NA
2020-08-25 17:00:00,2020-09-01 16:00:00,8.98053939744917
2020-09-01 16:00:00,2020-09-08 17:00:00,NA
2020-09-08 17:00:00,2020-09-15 23:00:00,NA
2020-09-15 23:00:00,2020-09-29 16:00:00,NA
2020-09-29 16:00:00,2020-10-06 16:00:00,NA
2020-10-06 16:00:00,2020-10-13 18:00:00,92.9114357324966
2020-10-13 18:00:00,2020-10-20 18:00:00,256.118992274392
2020-10-20 18:00:00,2020-10-27 12:00:00,118.757746387645
2020-10-27 12:00:00,2020-11-03 16:00:00,NA
2020-11-03 16:00:00,2020-11-10 18:00:00,145.413478183096
2020-11-10 18:00:00,2020-11-17 13:00:00,138.747139619454
2020-11-17 13:00:00,2020-11-24 22:00:00,30.0424308485502
2020-11-24 22:00:00,2020-12-01 12:00:00,42.7209935031133
2020-12-01 12:00:00,2020-12-08 19:00:00,NA
2020-12-08 19:00:00,2020-12-15 18:00:00,26.9513026955478
2020-12-15 18:00:00,2020-12-22 17:00:00,116.33023756454
2020-12-22 17:00:00,2020-12-29 12:00:00,27.914228670068
2020-12-29 12:00:00,2021-01-05 12:00:00,53.3195077404017
2021-01-05 12:00:00,2021-01-12 12:00:00,43.7600891839122
2021-01-12 12:00:00,2021-01-19 12:00:00,42.1693566132032
2021-01-19 12:00:00,2021-01-26 17:00:00,NA
2021-01-26 17:00:00,2021-02-02 12:00:00,62.5367991695765
2021-02-02 12:00:00,2021-02-09 12:00:00,138.298690973047
2021-02-09 12:00:00,2021-02-16 12:00:00,4.18812698416848
2021-02-16 12:00:00,2021-02-23 12:00:00,109.898971801408
2021-02-23 12:00:00,2021-03-02 12:00:00,59.5200250100229
2021-03-02 12:00:00,2021-03-09 12:00:00,NA
2021-03-09 12:00:00,2021-03-16 16:00:00,NA
2021-03-16 16:00:00,2021-03-23 16:00:00,102.239588491343
2021-03-23 16:00:00,2021-03-30 17:00:00,51.9252834165084
2021-03-30 17:00:00,2021-04-06 16:00:00,14.8293218945745
2021-04-06 16:00:00,2021-04-13 16:00:00,52.6822741572199
2021-04-13 16:00:00,2021-04-20 16:00:00,22.0194402711519
2021-04-20 16:00:00,2021-04-27 16:00:00,188.577046524555
2021-04-27 16:00:00,2021-05-04 17:00:00,25.4825583428747
2021-05-04 17:00:00,2021-05-11 17:00:00,72.4745305504432
2021-05-11 17:00:00,2021-05-18 16:00:00,NA
2021-05-18 16:00:00,2021-05-25 12:00:00,106.07844080187
2021-05-25 12:00:00,2021-06-01 17:00:00,32.6616656303145
2021-06-01 17:00:00,2021-06-08 21:00:00,NA
2021-06-08 21:00:00,2021-06-15 19:00:00,444.268356971372
2021-06-15 19:00:00,2021-06-22 12:00:00,31.5277568699311
2021-06-22 12:00:00,2021-06-29 19:00:00,45.2812418258509
2021-06-29 19:00:00,2021-07-07 12:00:00,NA
2021-07-07 12:00:00,2021-07-13 21:00:00,NA
2021-07-13 21:00:00,2021-07-20 17:00:00,NA
2021-07-20 17:00:00,2021-07-27 16:00:00,NA
2021-07-27 16:00:00,2021-08-03 22:00:00,59.7055705478611
2021-08-03 22:00:00,2021-08-10 17:00:00,135.883625192742
2021-08-10 17:00:00,2021-08-17 11:00:00,NA
2021-08-17 11:00:00,2021-08-24 17:00:00,332.628382684232
2021-08-24 17:00:00,2021-08-31 22:00:00,104.345630166223
2021-08-31 22:00:00,2021-09-07 20:00:00,NA
2021-09-07 20:00:00,2021-09-14 16:00:00,381.226868840744
2021-09-14 16:00:00,2021-09-21 19:00:00,169.757071482423
2021-09-21 19:00:00,2021-09-28 11:00:00,NA
2021-09-28 11:00:00,2021-10-05 17:00:00,31.7242014095679
2021-10-05 17:00:00,2021-10-12 17:00:00,NA
2021-10-12 17:00:00,2021-10-19 17:00:00,NA
2021-10-19 17:00:00,2021-10-26 18:00:00,99.3803881011297
2021-10-26 18:00:00,2021-11-02 16:00:00,109.687012422922
2021-11-02 16:00:00,2021-11-09 18:00:00,82.9743502219023
2021-11-09 18:00:00,2021-11-16 18:00:00,63.0318816053824
2021-11-16 18:00:00,2021-11-23 18:00:00,30.3831016720056
2021-11-23 18:00:00,2021-11-30 18:00:00,143.214671226765
2021-11-30 18:00:00,2021-12-07 16:00:00,83.4660369189341
2021-12-07 16:00:00,2021-12-14 19:00:00,133.788542483105
2021-12-14 19:00:00,2021-12-21 22:00:00,NA
2021-12-21 22:00:00,2021-12-28 18:00:00,244.08039504477
2021-12-28 18:00:00,2022-01-04 18:00:00,43.7554943372516
2022-01-04 18:00:00,2022-01-11 17:00:00,129.631323714037
2022-01-11 17:00:00,2022-01-18 15:00:00,44.4476491684562
2022-01-18 15:00:00,2022-01-25 17:00:00,42.8681323431892
2022-01-25 17:00:00,2022-02-02,120.214612613956
2022-02-02,2022-02-08 16:00:00,133.781828599584
2022-02-08 16:00:00,2022-02-15 17:00:00,14.2112995059395
2022-02-15 17:00:00,2022-02-22 17:00:00,239.563883971955
2022-02-22 17:00:00,2022-03-01 17:00:00,53.8690874569181
2022-03-01 17:00:00,2022-03-08 23:00:00,182.397479355753
2022-03-08 23:00:00,2022-03-15 17:00:00,83.945983110769
2022-03-15 17:00:00,2022-03-22 22:00:00,64.5653524358687
2022-03-22 22:00:00,2022-03-29 17:00:00,20.6441396438758
2022-03-29 17:00:00,2022-04-05 16:00:00,80.9404959231517
2022-04-05 16:00:00,2022-04-12 16:00:00,20.8047916723389
2022-04-12 16:00:00,2022-04-19 16:00:00,81.6531506817217
2022-04-19 16:00:00,2022-04-26 15:00:00,34.9487689319294
2022-04-26 15:00:00,2022-05-03 22:00:00,25.4873612374932
2022-05-03 22:00:00,2022-05-10 16:00:00,197.268062012919
2022-05-10 16:00:00,2022-05-17 23:00:00,NA
2022-05-17 23:00:00,2022-05-24 17:00:00,65.0225005091532
2022-05-24 17:00:00,2022-05-31 22:00:00,100.055299682408
2022-05-31 22:00:00,2022-06-07 15:00:00,154.896237835338
2022-06-07 15:00:00,2022-06-14 16:00:00,240.885197839346
2022-06-14 16:00:00,2022-06-21 16:00:00,187.009934409502
2022-06-21 16:00:00,2022-06-28 16:00:00,NA
2022-06-28 16:00:00,2022-07-05 17:00:00,108.531715355478
2022-07-05 17:00:00,2022-07-12 19:00:00,34.069095754596
2022-07-12 19:00:00,2022-07-19 17:00:00,NA
2022-07-19 17:00:00,2022-07-26 17:00:00,17.2593826494904
2022-07-26 17:00:00,2022-08-02 17:00:00,NA
2022-08-02 17:00:00,2022-08-09 16:00:00,NA
2022-08-09 16:00:00,2022-08-16 16:00:00,NA
2022-08-16 16:00:00,2022-08-23 17:00:00,NA
2022-08-23 17:00:00,2022-08-30 15:00:00,48.1750546901043
2022-08-30 15:00:00,2022-09-06 18:00:00,NA
2022-09-06 18:00:00,2022-09-13 16:00:00,NA
2022-09-13 16:00:00,2022-09-20 16:00:00,NA
2022-09-20 16:00:00,2022-09-27 16:00:00,73.3222586326936
2022-09-27 16:00:00,2022-10-04 16:00:00,NA
2022-10-04 16:00:00,2022-10-18 18:00:00,NA
2022-10-18 18:00:00,2022-10-25 16:00:00,274.420170672467
2022-10-25 16:00:00,2022-11-01 16:00:00,80.6137824583162
2022-11-01 16:00:00,2022-11-08 16:00:00,203.420835146793
2022-11-08 16:00:00,2022-11-16 16:00:00,8.34658719398457
2022-11-16 16:00:00,2022-11-22 17:00:00,4.63606622968558
2022-11-22 17:00:00,2022-11-29 16:00:00,83.9854730657294
2022-11-29 16:00:00,2022-12-06 21:00:00,42.2586492978601
2022-12-06 21:00:00,2022-12-13 17:00:00,28.3574478625916
2022-12-13 17:00:00,2022-12-20 17:00:00,63.9634404884047
2022-12-20 17:00:00,2022-12-27 21:00:00,108.678011496295
2022-12-27 21:00:00,2023-01-03 19:00:00,31.0795863461945
2023-01-03 19:00:00,2023-01-10 19:00:00,14.2775032143092
2023-01-10 19:00:00,2023-01-17 20:00:00,14.506858054897
2023-01-17 20:00:00,2023-01-24 16:00:00,8.21385890593981
2023-01-24 16:00:00,2023-01-31 18:00:00,15.5703839403922
2023-01-31 18:00:00,2023-02-07 19:00:00,51.7599641631082
2023-02-07 19:00:00,2023-02-14 18:00:00,31.6288077222144
2023-02-14 18:00:00,2023-02-21 20:00:00,198.193810782828
2023-02-21 20:00:00,2023-03-01 18:00:00,51.5799022673998
2023-03-01 18:00:00,2023-03-08 01:00:00,NA
2023-03-08 01:00:00,2023-03-28 17:00:00,NA
2023-03-28 17:00:00,2023-04-04 16:00:00,8.99099308946431
2023-04-04 16:00:00,2023-04-11 21:00:00,45.2807481677539
2023-04-11 21:00:00,2023-04-18 16:00:00,30.4139807050848
2023-04-18 16:00:00,2023-04-25 16:00:00,158.308538087473
2023-04-25 16:00:00,2023-05-02 16:00:00,NA
2023-05-02 16:00:00,2023-05-09 20:00:00,NA
2023-05-09 20:00:00,2023-05-23 22:00:00,NA
2023-05-23 22:00:00,2023-05-30 22:00:00,59.0496396507649
2023-05-30 22:00:00,2023-06-06 21:00:00,NA
2023-06-06 21:00:00,2023-06-13 22:00:00,27.6209146845378
2023-06-13 22:00:00,2023-06-20 18:00:00,239.293624117319
2023-06-20 18:00:00,2023-07-04 22:00:00,NA
2023-07-04 22:00:00,2023-07-11 14:00:00,NA
2023-07-11 14:00:00,2023-07-18 17:00:00,29.7314908905534
2023-07-18 17:00:00,2023-07-25 19:00:00,NA
2023-07-25 19:00:00,2023-08-01 22:00:00,NA
2023-08-01 22:00:00,2023-08-08 21:00:00,NA
2023-08-08 21:00:00,2023-08-15 17:00:00,57.2217835569936
2023-08-15 17:00:00,2023-08-22 20:00:00,30.5878704034488
2023-08-22 21:00:00,2023-08-29 22:00:00,NA
2023-08-29 22:00:00,2023-09-05 20:00:00,114.400779236816
2023-09-05 20:00:00,2023-09-12 17:00:00,5.17802122057913
2023-09-12 17:00:00,2023-09-19 18:00:00,NA
2023-09-19 18:00:00,2023-09-26 21:00:00,49.5662690054898
2023-09-26 21:00:00,2023-10-03 19:00:00,157.446537374975
