"dateOn","dateOff","NH4","NO3","subppt","L3w"
2007-01-02 16:00:00,2007-01-09 17:00:00,0.053,0.221,25.856,719072.68815081
2007-01-09 17:00:00,2007-01-16 16:00:00,-9,-9,0.254,7063.9102254914
2007-01-16 16:00:00,2007-01-23 17:00:00,0.081,0.484,10.668,296684.229470639
2007-01-23 17:00:00,2007-01-30 17:00:00,0.004,0.088,3.81,105958.653382371
2007-01-30 17:00:00,2007-02-06 16:00:00,0.073,0.732,9.144,254300.76811769
2007-02-06 16:00:00,2007-02-13 16:00:00,0.126,0.899,8.128,226045.127215725
2007-02-13 16:00:00,2007-02-20 16:00:00,0.054,0.297,17.397,483822.229105803
2007-02-20 16:00:00,2007-02-27 16:00:00,0.065,0.269,20.066,558048.907813821
2007-02-27 16:00:00,2007-03-06 17:00:00,0.032,0.397,3.556,98894.7431568796
2007-03-06 17:00:00,2007-03-13 16:00:00,0.098,0.193,14.478,402642.88285301
2007-03-13 16:00:00,2007-03-20 14:00:00,0.169,0.384,8.636,240172.947666708
2007-03-20 14:00:00,2007-03-27 15:00:00,0.186,0.37,23.114,642815.830519717
2007-03-27 15:00:00,2007-04-03 15:00:00,0.448,0.88,10.414,289620.319245147
2007-04-03 15:00:00,2007-04-10 15:00:00,0.305,0.715,10.668,296684.229470639
2007-04-10 15:00:00,2007-04-17 15:00:00,0.191,0.388,9.652,268428.588568673
2007-04-17 15:00:00,2007-04-24 16:00:00,0.179,1.111,9.144,254300.76811769
2007-04-24 16:00:00,2007-05-01 15:00:00,-9,-9,0.254,7063.9102254914
2007-05-01 15:00:00,2007-05-08 15:00:00,0.09,0.228,27.94,777030.124804054
2007-05-08 15:00:00,2007-05-15 16:00:00,0.337,0.761,10.414,289620.319245147
2007-05-15 16:00:00,2007-05-22 15:00:00,0.279,0.473,2.54,70639.102254914
2007-05-22 15:00:00,2007-05-29 16:00:00,0.129,0.483,22.352,621624.099843243
2007-05-29 16:00:00,2007-06-05 16:00:00,-9,-9,5.588,155406.024960811
2007-06-05 16:00:00,2007-06-12 15:00:00,0.122,0.351,22.86,635751.920294226
2007-06-12 15:00:00,2007-06-19 15:00:00,0.138,0.381,38.1,1059586.53382371
2007-06-19 15:00:00,2007-06-26 15:00:00,0.133,0.358,5.334,148342.114735319
2007-06-26 15:00:00,2007-07-03 15:00:00,-9,-9,0.508,14127.8204509828
2007-07-03 15:00:00,2007-07-10 15:00:00,-9,-9,0,0
2007-07-10 15:00:00,2007-07-17 14:00:00,-9,-9,0,0
2007-07-17 14:00:00,2007-07-24 15:00:00,-9,-9,17.272,480345.895333415
2007-07-24 15:00:00,2007-07-31 15:00:00,1.431,2.118,1.27,35319.551127457
2007-07-31 15:00:00,2007-08-07 15:00:00,-9,-9,0.127,3531.9551127457
2007-08-07 15:00:00,2007-08-14 15:00:00,-9,-9,0.254,7063.9102254914
2007-08-14 15:00:00,2007-08-21 15:00:00,0.683,0.593,1.016,28255.6409019656
2007-08-21 15:00:00,2007-08-28 15:00:00,0.569,1.229,0.254,7063.9102254914
2007-08-28 15:00:00,2007-09-04 15:00:00,0.174,0.8,6.096,169533.845411794
2007-09-04 15:00:00,2007-09-11 15:00:00,-9,-9,0.127,3531.9551127457
2007-09-11 15:00:00,2007-09-18 14:00:00,0.203,0.569,8.636,240172.947666708
2007-09-18 14:00:00,2007-09-25 15:00:00,0.138,0.378,14.732,409706.793078501
2007-09-25 15:00:00,2007-10-02 15:00:00,0.175,0.505,19.558,543921.087362838
2007-10-02 15:00:00,2007-10-09 15:00:00,0.093,0.281,29.972,833541.406607985
2007-10-09 15:00:00,2007-10-16 15:00:00,0.18,0.938,0.762,21191.7306764742
2007-10-16 15:00:00,2007-10-23 15:00:00,0.045,0.155,31.75,882988.778186425
2007-10-23 15:00:00,2007-10-30 15:00:00,0.705,1.492,2.032,56511.2818039312
2007-10-30 15:00:00,2007-11-06 17:00:00,-9,-9,0.254,7063.9102254914
2007-11-06 17:00:00,2007-11-13 16:00:00,0.238,0.525,22.606,628688.010068735
2007-11-13 16:00:00,2007-11-20 17:00:00,0.053,0.216,28.702,798221.855480528
2007-11-20 17:00:00,2007-11-27 16:00:00,0.032,0.583,3.302,91830.8329313882
2007-11-27 16:00:00,2007-12-04 16:00:00,0.023,0.11,44.958,1250312.10991198
2007-12-04 16:00:00,2007-12-11 15:00:00,0.059,0.342,8.128,226045.127215725
2007-12-11 15:00:00,2007-12-18 17:00:00,0.084,0.932,12.7,353195.51127457
2007-12-18 17:00:00,2007-12-24 16:00:00,0.043,0.245,22.606,628688.010068735
2007-12-24 16:00:00,2007-12-31 17:00:00,0.055,0.392,18.288,508601.536235381
2007-12-31 17:00:00,2008-01-08 16:00:00,-9,-9,31.242,868860.957735442
2008-01-08 16:00:00,2008-01-15 16:00:00,0.076,0.468,20.32,565112.818039312
2008-01-15 16:00:00,2008-01-22 16:00:00,0.075,0.547,7.874,218981.216990233
2008-01-22 16:00:00,2008-01-29 17:00:00,0.068,0.295,34.798,967755.700892322
2008-01-29 17:00:00,2008-02-05 16:00:00,0.051,0.34,34.798,967755.700892322
2008-02-05 16:00:00,2008-02-12 16:00:00,0.093,0.387,34.036,946563.970215848
2008-02-12 16:00:00,2008-02-19 16:00:00,0.053,0.382,25.4,706391.02254914
2008-02-19 16:00:00,2008-02-26 16:00:00,-9,-9,0,0
2008-02-26 16:00:00,2008-03-04 17:00:00,0.208,0.612,12.446,346131.601049079
2008-03-04 17:00:00,2008-03-11 14:00:00,0.135,0.567,5.08,141278.204509828
2008-03-11 14:00:00,2008-03-18 15:00:00,0.274,0.584,17.272,480345.895333415
2008-03-18 15:00:00,2008-03-25 16:00:00,0.369,0.762,4.318,120086.473833354
2008-03-25 16:00:00,2008-04-01 16:00:00,0.143,0.444,35.052,974819.611117813
2008-04-01 16:00:00,2008-04-08 16:00:00,0.577,0.987,4.318,120086.473833354
2008-04-08 16:00:00,2008-04-15 15:00:00,0.922,1.784,3.81,105958.653382371
2008-04-15 15:00:00,2008-04-22 15:00:00,-9,-9,2.794,77703.0124804054
2008-04-22 15:00:00,2008-04-29 15:00:00,0.475,0.614,9.144,254300.76811769
2008-04-29 15:00:00,2008-05-06 15:00:00,0.617,0.909,7.366,204853.396539251
2008-05-06 15:00:00,2008-05-13 15:00:00,0.229,0.397,36.068,1003075.25201978
2008-05-13 15:00:00,2008-05-20 16:00:00,0.015,0.75,1.778,49447.3715784398
2008-05-20 16:00:00,2008-05-27 15:00:00,0.15,0.411,20.574,572176.728264803
2008-05-27 15:00:00,2008-06-03 15:00:00,0.173,0.373,18.796,522729.356686364
2008-06-03 15:00:00,2008-06-10 15:00:00,0.094,0.313,39.671,1103277.09667508
2008-06-10 15:00:00,2008-06-17 15:00:00,0.06,0.242,15.765,438435.215373512
2008-06-17 15:00:00,2008-06-24 15:00:00,-9,-9,7.366,204853.396539251
2008-06-24 15:00:00,2008-07-01 19:00:00,0.637,1.226,4.064,113022.563607862
2008-07-01 20:00:00,2008-07-08 16:00:00,0.273,0.805,5.842,162469.935186302
2008-07-08 16:00:00,2008-07-15 15:00:00,-9,-9,0,0
2008-07-15 15:00:00,2008-07-22 15:00:00,-9,-9,0.254,7063.9102254914
2008-07-22 15:00:00,2008-07-29 16:00:00,0.382,0.961,5.588,155406.024960811
2008-07-29 16:00:00,2008-08-05 16:00:00,-9,-9,0,0
2008-08-05 16:00:00,2008-08-12 16:00:00,0.626,1.827,1.27,35319.551127457
2008-08-12 16:00:00,2008-08-19 16:00:00,-9,-9,0,0
2008-08-19 16:00:00,2008-08-26 15:00:00,0.064,0.455,35.56,988947.431568796
2008-08-26 15:00:00,2008-09-02 16:00:00,0.118,0.444,13.97,388515.062402027
2008-09-02 16:00:00,2008-09-09 15:00:00,-9,-9,5.334,148342.114735319
2008-09-09 16:00:00,2008-09-16 16:00:00,0.099,0.765,6.096,169533.845411794
2008-09-16 16:00:00,2008-09-23 16:00:00,0.105,0.344,26.416,734646.663451106
2008-09-23 16:00:00,2008-09-30 15:00:00,-9,-9,0,0
2008-09-30 15:00:00,2008-10-06 17:00:00,-9,-9,20.574,572176.728264803
2008-10-06 17:00:00,2008-10-14 15:00:00,-9,-9,7.112,197789.486313759
2008-10-14 15:00:00,2008-10-21 15:00:00,-9,-9,6.096,169533.845411794
2008-10-21 15:00:00,2008-10-28 15:00:00,-9,-9,1.016,28255.6409019656
2008-10-28 15:00:00,2008-11-04 16:00:00,0.104,0.311,11.684,324939.870372604
2008-11-04 16:00:00,2008-11-12 16:00:00,0.063,0.246,38.1,1059586.53382371
2008-11-12 16:00:00,2008-11-18 17:00:00,0.006,0.105,21.59,600432.369166769
2008-11-18 17:00:00,2008-11-25 17:00:00,-9,-9,4.318,120086.473833354
2008-11-25 17:00:00,2008-12-02 18:00:00,-9,-9,14.732,409706.793078501
2008-12-02 18:00:00,2008-12-09 18:00:00,-9,-9,18.542,515665.446460872
2008-12-09 18:00:00,2008-12-16 19:00:00,0.055,0.378,20.574,572176.728264803
2008-12-16 19:00:00,2008-12-23 17:00:00,0.008,0.718,23.876,664007.561196192
2008-12-23 18:00:00,2008-12-30 18:00:00,0.009,0.305,59.69,1660018.90299048
2008-12-30 18:00:00,2009-01-06 17:00:00,-9,-9,48.768,1356270.76329435
2009-01-06 17:00:00,2009-01-13 16:00:00,-9,-9,83.566,2324026.46418667
2009-01-13 16:00:00,2009-01-20 16:00:00,-9,-9,0.254,7063.9102254914
2009-01-20 16:00:00,2009-01-27 17:00:00,0.006,0.709,1.016,28255.6409019656
2009-01-27 17:00:00,2009-02-03 16:00:00,0.051,0.409,11.938,332003.780598096
2009-02-03 16:00:00,2009-02-10 16:00:00,0.052,0.521,13.716,381451.152176536
2009-02-10 16:00:00,2009-02-17 17:00:00,0.129,0.741,8.128,226045.127215725
2009-02-17 17:00:00,2009-02-24 16:00:00,0.084,0.365,16.256,452090.25443145
2009-02-24 16:00:00,2009-03-03 16:00:00,-9,-9,38.608,1073714.35427469
2009-03-03 16:00:00,2009-03-10 19:00:00,0.057,0.267,33.528,932436.149764865
2009-03-10 19:00:00,2009-03-17 16:00:00,0.184,0.402,9.398,261364.678343182
2009-03-17 16:00:00,2009-03-24 15:00:00,0.273,0.485,12.954,360259.421500061
2009-03-24 15:00:00,2009-03-31 16:00:00,0.129,0.399,26.67,741710.573676597
2009-03-31 16:00:00,2009-04-07 14:00:00,0.075,0.454,11.43,317875.960147113
2009-04-07 14:00:00,2009-04-14 15:00:00,0.131,0.257,4.318,120086.473833354
2009-04-14 15:00:00,2009-04-21 15:00:00,0.511,0.669,2.794,77703.0124804054
2009-04-21 15:00:00,2009-04-28 15:00:00,0.258,0.982,19.812,550984.997588329
2009-04-28 15:00:00,2009-05-05 16:00:00,0.112,0.13,15.748,437962.433980467
2009-05-05 16:00:00,2009-05-12 15:00:00,0.229,0.31,23.368,649879.740745209
2009-05-12 15:00:00,2009-05-19 17:00:00,0.202,0.374,40.132,1116097.81562764
2009-05-19 17:00:00,2009-05-26 15:00:00,0.648,0.844,14.986,416770.703303993
2009-05-26 15:00:00,2009-06-02 15:00:00,-9,-9,0,0
2009-06-02 15:00:00,2009-06-09 16:00:00,0.022,0.278,7.366,204853.396539251
2009-06-09 16:00:00,2009-06-16 15:00:00,0.015,0.025,0.508,14127.8204509828
2009-06-16 15:00:00,2009-06-23 16:00:00,0.14,0.39,27.686,769966.214578563
2009-06-23 16:00:00,2009-06-30 15:00:00,-9,-9,1.016,28255.6409019656
2009-06-30 15:00:00,2009-07-07 16:00:00,0.124,0.364,8.382,233109.037441216
2009-07-07 16:00:00,2009-07-14 15:00:00,0.029,0.253,25.4,706391.02254914
2009-07-14 15:00:00,2009-07-21 16:00:00,0.006,0.074,7.112,197789.486313759
2009-07-21 16:00:00,2009-07-28 14:00:00,0.162,0.563,11.938,332003.780598096
2009-07-28 14:00:00,2009-08-04 16:00:00,0.006,0.187,18.542,515665.446460872
2009-08-04 16:00:00,2009-08-11 15:00:00,0.255,1.214,2.032,56511.2818039312
2009-08-11 15:00:00,2009-08-18 15:00:00,0.124,0.385,35.306,981883.521343305
2009-08-18 15:00:00,2009-08-25 19:00:00,0.211,1.131,0.829,23055.0455784739
2009-08-25 19:00:00,2009-09-01 15:00:00,-9,-9,0,0
2009-09-01 15:00:00,2009-09-08 15:00:00,-9,-9,3.048,84766.9227058968
2009-09-08 15:00:00,2009-09-15 18:00:00,-9,-9,0,0
2009-09-15 18:00:00,2009-09-22 14:00:00,0.173,0.676,3.81,105958.653382371
2009-09-22 14:00:00,2009-09-29 15:00:00,-9,-9,0,0
2009-09-29 15:00:00,2009-10-06 15:00:00,0.173,0.813,2.286,63575.1920294226
2009-10-06 15:00:00,2009-10-13 15:00:00,0.285,0.897,3.763,104651.551883953
2009-10-13 15:00:00,2009-10-20 15:00:00,0.112,0.296,23.114,642815.830519717
2009-10-20 15:00:00,2009-10-27 15:00:00,0.032,0.242,42.418,1179673.00765706
2009-10-27 15:00:00,2009-11-03 17:00:00,0.112,0.245,24.384,678135.381647174
2009-11-03 17:00:00,2009-11-10 15:00:00,0.135,0.335,6.858,190725.576088268
2009-11-10 15:00:00,2009-11-17 17:00:00,0.373,0.621,5.334,148342.114735319
2009-11-17 17:00:00,2009-11-24 16:00:00,-9,-9,7.112,197789.486313759
2009-11-24 16:00:00,2009-12-01 17:00:00,0.054,0.354,19.812,550984.997588329
2009-12-01 17:00:00,2009-12-08 16:00:00,0.01,0.61,4.064,113022.563607862
2009-12-08 16:00:00,2009-12-15 17:00:00,0.029,0.692,34.798,967755.700892322
2009-12-15 17:00:00,2009-12-23 17:00:00,0.029,0.235,62.738,1744785.82569638
2009-12-23 17:00:00,2009-12-29 18:00:00,-9,-9,0,0
2009-12-29 18:00:00,2010-01-05 17:00:00,0.013,0.203,41.656,1158481.27698059
2010-01-05 17:00:00,2010-01-12 16:00:00,0.14,0.855,4.318,120086.473833354
2010-01-12 16:00:00,2010-01-19 16:00:00,0.133,0.5,9.144,254300.76811769
2010-01-19 16:00:00,2010-01-26 16:00:00,0.017,0.636,1.778,49447.3715784398
2010-01-26 16:00:00,2010-02-02 16:00:00,0.227,1.39,5.842,162469.935186302
2010-02-02 16:00:00,2010-02-09 16:00:00,0.01,0.357,3.302,91830.8329313882
2010-02-09 16:00:00,2010-02-16 17:00:00,0.061,0.502,8.128,226045.127215725
2010-02-16 17:00:00,2010-02-23 16:00:00,0.109,0.329,3.048,84766.9227058968
2010-02-23 16:00:00,2010-03-02 16:00:00,0.19,0.751,3.556,98894.7431568796
2010-03-02 16:00:00,2010-03-09 17:00:00,0.332,0.762,8.128,226045.127215725
2010-03-09 17:00:00,2010-03-16 15:00:00,-9,-9,0.508,14127.8204509828
2010-03-16 15:00:00,2010-03-23 15:00:00,0.238,0.573,9.398,261364.678343182
2010-03-23 15:00:00,2010-03-30 15:00:00,0.163,0.191,14.732,409706.793078501
2010-03-30 15:00:00,2010-04-06 15:00:00,0.197,0.426,6.35,176597.755637285
2010-04-06 15:00:00,2010-04-13 16:00:00,0.365,0.768,11.176,310812.049921622
2010-04-13 16:00:00,2010-04-20 15:00:00,0.253,0.828,15.748,437962.433980467
2010-04-20 15:00:00,2010-04-27 15:00:00,0.206,0.772,3.048,84766.9227058968
2010-04-27 15:00:00,2010-05-04 16:00:00,0.079,0.226,66.294,1843680.56885326
2010-05-04 16:00:00,2010-05-11 16:00:00,0.082,0.291,14.732,409706.793078501
2010-05-11 16:00:00,2010-05-18 16:00:00,-9,-9,0.254,7063.9102254914
2010-05-18 16:00:00,2010-05-25 15:00:00,0.143,0.467,4.064,113022.563607862
2010-05-25 15:00:00,2010-06-01 15:00:00,0.102,0.25,54.864,1525804.60870614
2010-06-01 15:00:00,2010-06-08 15:00:00,0.065,0.2,50.038,1391590.31442181
2010-06-08 15:00:00,2010-06-23,-9,-9,92.71,2578327.23230436
2010-06-23,2010-06-29 23:00:00,-9,-9,4.826,134214.294284337
2010-06-29 23:00:00,2010-07-06 15:00:00,0.072,0.225,19.304,536857.177137346
2010-07-06 15:00:00,2010-07-13 15:00:00,0.017,0.017,0.762,21191.7306764742
2010-07-13 15:00:00,2010-07-20 16:00:00,0.124,0.474,3.302,91830.8329313882
2010-07-20 16:00:00,2010-07-27 14:00:00,0.086,0.359,7.874,218981.216990233
2010-07-27 14:00:00,2010-08-03 15:00:00,0.346,0.826,19.05,529793.266911855
2010-08-03 15:00:00,2010-08-10 15:00:00,-9,-9,3.302,91830.8329313882
2010-08-10 15:00:00,2010-08-17 23:00:00,0.188,0.489,11.938,332003.780598096
2010-08-17 23:00:00,2010-08-24 14:00:00,0.371,1.127,5.334,148342.114735319
2010-08-24 14:00:00,2010-08-31 14:00:00,0.053,0.261,10.922,303748.13969613
2010-08-31 14:00:00,2010-09-07 15:00:00,0.054,0.271,23.876,664007.561196192
2010-09-07 15:00:00,2010-09-14 15:00:00,0.206,0.37,9.398,261364.678343182
2010-09-14 15:00:00,2010-09-22,0.09,0.267,60.452,1681210.63366695
2010-09-22,2010-09-28 15:00:00,0.067,0.33,3.302,91830.8329313882
2010-09-28 15:00:00,2010-10-05 15:00:00,0.415,0.861,4.572,127150.384058845
2010-10-05 15:00:00,2010-10-12 16:00:00,0.18,0.515,7.62,211917.306764742
2010-10-12 16:00:00,2010-10-26 15:00:00,-9,-9,24.638,685199.291872666
2010-10-26 15:00:00,2010-11-02 15:00:00,0.186,0.457,40.894,1137289.54630412
2010-11-02 15:00:00,2010-11-09 16:00:00,0.25,0.598,9.652,268428.588568673
2010-11-09 16:00:00,2010-11-16 16:00:00,0.029,0.203,15.748,437962.433980467
2010-11-16 16:00:00,2010-11-22 18:00:00,0.073,0.355,40.132,1116097.81562764
2010-11-22 18:00:00,2010-11-29 17:00:00,0.024,0.34,35.814,996011.341794287
2010-11-29 17:00:00,2010-12-07 17:00:00,0.013,0.354,24.384,678135.381647174
2010-12-07 17:00:00,2010-12-14 16:00:00,0.01,0.082,85.852,2387601.65621609
2010-12-14 16:00:00,2010-12-21 16:00:00,0.034,0.117,11.176,310812.049921622
2010-12-21 16:00:00,2010-12-28 21:00:00,0.029,0.246,9.652,268428.588568673
2010-12-28 21:00:00,2011-01-04 17:00:00,-9,-9,3.048,84766.9227058968
2011-01-04 17:00:00,2011-01-10 16:00:00,0.034,0.165,28.194,784094.035029545
2011-01-10 16:00:00,2011-01-18 18:00:00,0.022,0.183,97.028,2698413.70613771
2011-01-18 18:00:00,2011-01-25 22:00:00,0.016,0.162,25.667,713816.47148696
2011-01-25 22:00:00,2011-02-01 21:00:00,-9,-9,34.036,946563.970215848
2011-02-01 21:00:00,2011-02-08 16:00:00,-9,-9,25.908,720518.843000123
2011-02-08 16:00:00,2011-02-15 16:00:00,0.144,0.306,10.16,282556.409019656
2011-02-15 16:00:00,2011-02-22 19:00:00,0.066,0.245,24.638,685199.291872666
2011-02-22 19:00:00,2011-03-01 17:00:00,0.109,0.644,36.83,1024266.98269625
2011-03-01 17:00:00,2011-03-08 16:00:00,0.127,0.386,27.94,777030.124804054
2011-03-08 16:00:00,2011-03-31 17:00:00,-9,-9,84.074,2338154.28463765
2011-03-31 17:00:00,2011-04-05 22:00:00,0.067,0.202,43.942,1222056.46901001
2011-04-05 22:00:00,2011-04-12 15:00:00,0.323,0.52,8.382,233109.037441216
2011-04-12 15:00:00,2011-04-19 16:00:00,0.224,0.362,48.514,1349206.85306886
2011-04-19 16:00:00,2011-04-26 16:00:00,0.244,0.51,12.192,339067.690823587
2011-04-26 16:00:00,2011-05-03 15:00:00,0.126,0.322,36.068,1003075.25201978
2011-05-03 15:00:00,2011-05-10 15:00:00,0.342,0.42,10.414,289620.319245147
2011-05-10 15:00:00,2011-05-17 15:00:00,0.087,0.21,8.636,240172.947666708
2011-05-17 15:00:00,2011-05-24 16:00:00,-9,-9,1.778,49447.3715784398
2011-05-24 16:00:00,2011-05-31 15:00:00,0.136,0.297,51.816,1441037.68600025
2011-05-31 15:00:00,2011-06-07 15:00:00,0.122,0.323,42.926,1193800.82810805
2011-06-07 15:00:00,2011-06-14 15:00:00,0.215,0.34,16.764,466218.074882432
2011-06-14 15:00:00,2011-06-21 16:00:00,0.176,0.439,32.004,890052.688411916
2011-06-21 16:00:00,2011-06-28 16:00:00,0.035,0.362,15.748,437962.433980467
2011-06-28 16:00:00,2011-07-05 15:00:00,-9,-9,4.064,113022.563607862
2011-07-05 15:00:00,2011-07-12 16:00:00,0.016,0.086,9.398,261364.678343182
2011-07-12 16:00:00,2011-07-19 15:00:00,-9,-9,3.302,91830.8329313882
2011-07-19 15:00:00,2011-07-26 16:00:00,0.205,0.404,23.114,642815.830519717
2011-07-26 16:00:00,2011-08-02 16:00:00,0.291,0.599,7.62,211917.306764742
2011-08-02 16:00:00,2011-08-09 16:00:00,-9,-9,0.762,21191.7306764742
2011-08-09 16:00:00,2011-08-16 16:00:00,0.141,0.807,2.794,77703.0124804054
2011-08-16 16:00:00,2011-08-23 16:00:00,-9,-9,0,0
2011-08-23 16:00:00,2011-08-30 16:00:00,0.392,1.803,1.016,28255.6409019656
2011-08-30 16:00:00,2011-09-06 16:00:00,0.138,0.508,15.24,423834.613529484
2011-09-06 16:00:00,2011-09-13 16:00:00,-9,-9,0,0
2011-09-13 16:00:00,2011-09-20 16:00:00,0.057,0.207,22.352,621624.099843243
2011-09-20 16:00:00,2011-09-27 16:00:00,0.509,0.829,4.064,113022.563607862
2011-09-27 16:00:00,2011-10-04 16:00:00,-9,-9,4.826,134214.294284337
2011-10-04 16:00:00,2011-10-11 15:00:00,0.062,0.197,51.308,1426909.86554926
2011-10-11 15:00:00,2011-10-18 16:00:00,0.008,0.007,13.462,374387.241951044
2011-10-18 16:00:00,2011-10-25 16:00:00,0.008,0.179,14.732,409706.793078501
2011-10-25 16:00:00,2011-11-01 16:00:00,-9,-9,18.542,515665.446460872
2011-11-01 16:00:00,2011-11-08 17:00:00,0.243,0.908,6.35,176597.755637285
2011-11-08 17:00:00,2011-11-15 17:00:00,0.147,0.588,16.764,466218.074882432
2011-11-15 17:00:00,2011-11-22 17:00:00,0.063,0.236,20.32,565112.818039312
2011-11-22 17:00:00,2011-11-29 17:00:00,0.125,0.247,5.842,162469.935186302
2011-11-29 17:00:00,2011-12-06 18:00:00,0.126,0.589,7.112,197789.486313759
2011-12-06 18:00:00,2011-12-13 17:00:00,-9,-9,2.794,77703.0124804054
2011-12-13 17:00:00,2011-12-20 17:00:00,0.099,0.801,10.668,296684.229470639
2011-12-20 17:00:00,2011-12-27 17:00:00,0.093,0.322,4.064,113022.563607862
2011-12-27 17:00:00,2012-01-03 17:00:00,0.014,0.06,46.482,1292695.57126493
2012-01-03 17:00:00,2012-01-10 17:00:00,0.105,0.326,11.938,332003.780598096
2012-01-10 17:00:00,2012-01-17 16:00:00,0.093,0.401,11.176,310812.049921622
2012-01-17 16:00:00,2012-01-24 16:00:00,0.013,0.268,35.814,996011.341794287
2012-01-24 16:00:00,2012-01-31 17:00:00,0.054,0.197,55.372,1539932.42915713
2012-01-31 17:00:00,2012-02-07 16:00:00,0.3,0.733,2.794,77703.0124804054
2012-02-07 16:00:00,2012-02-14 17:00:00,0.106,0.437,7.112,197789.486313759
2012-02-14 17:00:00,2012-02-21 17:00:00,-9,-9,26.162,727582.753225614
2012-02-21 17:00:00,2012-02-28 17:00:00,0.103,0.29,49.784,1384526.40419631
2012-02-28 17:00:00,2012-03-06 17:00:00,0.122,0.437,21.082,586304.548715786
2012-03-06 17:00:00,2012-03-13 15:00:00,0.176,0.458,11.176,310812.049921622
2012-03-13 15:00:00,2012-03-20 16:00:00,0.042,0.132,30.988,861797.047509951
2012-03-20 16:00:00,2012-03-27 16:00:00,0.144,0.33,37.084,1031330.89292174
2012-03-27 16:00:00,2012-04-03 16:00:00,0.106,0.239,30.226,840605.316833477
2012-04-03 16:00:00,2012-04-10 16:00:00,0.153,0.42,2.794,77703.0124804054
2012-04-10 16:00:00,2012-04-17 15:00:00,0.164,0.264,28.702,798221.855480528
2012-04-17 15:00:00,2012-04-24 15:00:00,0.186,0.317,21.336,593368.458941277
2012-04-24 15:00:00,2012-05-01 16:00:00,0.078,0.177,39.624,1101969.99517666
2012-05-01 16:00:00,2012-05-08 16:00:00,0.17,0.389,11.176,310812.049921622
2012-05-08 16:00:00,2012-05-15 15:00:00,-9,-9,0,0
2012-05-15 15:00:00,2012-05-22 15:00:00,0.069,0.285,17.526,487409.805558907
2012-05-22 15:00:00,2012-05-29 17:00:00,0.138,0.285,24.384,678135.381647174
2012-05-29 17:00:00,2012-06-05 16:00:00,0.139,0.357,24.13,671071.471421683
2012-06-05 16:00:00,2012-06-12 15:00:00,0.044,0.192,74.93,2083853.51651996
2012-06-12 15:00:00,2012-06-19 16:00:00,0.084,0.254,73.152,2034406.14494152
2012-06-19 16:00:00,2012-06-26 16:00:00,-9,-9,12.446,346131.601049079
2012-06-26 16:00:00,2012-07-03 16:00:00,0.1,0.303,44.196,1229120.3792355
2012-07-03 16:00:00,2012-07-10 16:00:00,0.122,0.329,2.286,63575.1920294226
2012-07-10 16:00:00,2012-07-17 16:00:00,-9,-9,17.526,487409.805558907
2012-07-17 16:00:00,2012-07-24 16:00:00,-9,-9,1.778,49447.3715784398
2012-07-24 16:00:00,2012-07-31 17:00:00,-9,-9,3.048,84766.9227058968
2012-07-31 17:00:00,2012-08-07 16:00:00,-9,-9,8.636,240172.947666708
2012-08-07 16:00:00,2012-08-14 17:00:00,-9,-9,0,0
2012-08-14 17:00:00,2012-08-21 16:00:00,-9,-9,0,0
2012-08-21 16:00:00,2012-08-28 16:00:00,-9,-9,2.54,70639.102254914
2012-08-28 16:00:00,2012-09-04 16:00:00,-9,-9,0,0
2012-09-04 16:00:00,2012-09-11 16:00:00,0.174,0.43,7.366,204853.396539251
2012-09-11 16:00:00,2012-09-18 16:00:00,-9,-9,0,0
2012-09-18 16:00:00,2012-09-25 16:00:00,-9,-9,0,0
2012-09-25 16:00:00,2012-10-02 15:00:00,-9,-9,0,0
2012-10-02 15:00:00,2012-10-09 17:00:00,0.129,0.341,19.558,543921.087362838
2012-10-09 17:00:00,2012-10-16 16:00:00,0.083,0.224,37.084,1031330.89292174
2012-10-16 16:00:00,2012-10-23 17:00:00,0.109,0.245,45.466,1264439.93036296
2012-10-23 17:00:00,2012-10-30 15:00:00,0.035,0.191,47.244,1313887.3019414
2012-10-30 15:00:00,2012-11-06 17:00:00,0.117,0.298,34.544,960691.79066683
2012-11-06 17:00:00,2012-11-13 17:00:00,0.075,0.183,15.24,423834.613529484
2012-11-13 17:00:00,2012-11-20 17:00:00,0.069,0.198,31.496,875924.867960933
2012-11-20 17:00:00,2012-11-27 17:00:00,0.025,0.117,50.292,1398654.2246473
2012-11-27 17:00:00,2012-12-04 17:00:00,0.021,0.119,45.974,1278567.75081394
2012-12-04 17:00:00,2012-12-11 18:00:00,0.03,0.192,37.084,1031330.89292174
2012-12-11 18:00:00,2012-12-18 17:00:00,0.069,0.385,24.638,685199.291872666
2012-12-18 17:00:00,2012-12-24 17:00:00,0.074,0.539,27.178,755838.39412758
2012-12-24 17:00:00,2012-12-31 17:00:00,-9,-9,1.778,49447.3715784398
2012-12-31 17:00:00,2013-01-08 17:00:00,0.069,0.324,18.542,515665.446460872
2013-01-08 17:00:00,2013-01-15 17:00:00,0.047,0.239,17.526,487409.805558907
2013-01-15 17:00:00,2013-01-22 17:00:00,-9,-9,0,0
2013-01-22 17:00:00,2013-01-29 18:00:00,0.08,0.327,24.384,678135.381647174
2013-01-29 18:00:00,2013-02-05 17:00:00,0.248,0.846,2.286,63575.1920294226
2013-02-05 17:00:00,2013-02-12 17:00:00,0.139,0.315,7.112,197789.486313759
2013-02-12 17:00:00,2013-02-19 18:00:00,0.157,0.394,22.606,628688.010068735
2013-02-19 18:00:00,2013-02-26 17:00:00,0.168,0.427,22.098,614560.189617752
2013-02-26 17:00:00,2013-03-05 17:00:00,0.111,0.967,23.368,649879.740745209
2013-03-05 17:00:00,2013-03-12 16:00:00,0.283,0.685,7.874,218981.216990233
2013-03-12 16:00:00,2013-03-19 16:00:00,0.119,0.197,42.418,1179673.00765706
2013-03-19 16:00:00,2013-03-26 20:00:00,0.121,0.25,8.636,240172.947666708
2013-03-26 20:00:00,2013-04-02 16:00:00,0.412,0.604,3.302,91830.8329313882
2013-04-02 16:00:00,2013-04-09 16:00:00,0.196,0.263,17.526,487409.805558907
2013-04-09 16:00:00,2013-04-16 15:00:00,0.315,0.351,17.78,494473.715784398
2013-04-16 15:00:00,2013-04-23 16:00:00,0.226,0.268,20.066,558048.907813821
2013-04-23 16:00:00,2013-04-30 16:00:00,0.098,0.188,5.842,162469.935186302
2013-04-30 16:00:00,2013-05-07 16:00:00,0.225,0.617,5.334,148342.114735319
2013-05-07 16:00:00,2013-05-14 16:00:00,-9,-9,1.524,42383.4613529484
2013-05-14 16:00:00,2013-05-21 15:00:00,0.142,0.292,6.35,176597.755637285
2013-05-21 15:00:00,2013-05-28 15:00:00,-9,-9,41.656,1158481.27698059
2013-05-28 15:00:00,2013-06-04 16:00:00,0.116,0.362,8.89,247236.857892199
2013-06-04 16:00:00,2013-06-11 16:00:00,-9,-9,0,0
2013-06-11 16:00:00,2013-06-18 16:00:00,-9,-9,8.382,233109.037441216
2013-06-18 16:00:00,2013-06-25 16:00:00,0.142,0.487,58.928,1638827.172314
2013-06-25 16:00:00,2013-07-02 16:00:00,0.027,0.266,6.858,190725.576088268
2013-07-02 16:00:00,2013-07-09 16:00:00,0.226,0.552,7.62,211917.306764742
2013-07-09 16:00:00,2013-07-16 16:00:00,-9,-9,0,0
2013-07-16 16:00:00,2013-07-23 17:00:00,-9,-9,0.254,7063.9102254914
2013-07-23 17:00:00,2013-07-30 16:00:00,-9,-9,0,0
2013-07-30 16:00:00,2013-08-06 16:00:00,0.057,0.281,30.734,854733.137284459
2013-08-06 16:00:00,2013-08-13 16:00:00,-9,-9,5.842,162469.935186302
2013-08-13 16:00:00,2013-08-20 16:00:00,-9,-9,0,0
2013-08-20 16:00:00,2013-08-27 16:00:00,3.317,3.511,1.27,35319.551127457
2013-08-27 16:00:00,2013-09-03 16:00:00,-9,-9,4.064,113022.563607862
2013-09-03 16:00:00,2013-09-10 15:00:00,0.158,0.634,16.764,466218.074882432
2013-09-10 15:00:00,2013-09-17 16:00:00,1.29,1.937,0.508,14127.8204509828
2013-09-17 16:00:00,2013-09-24 16:00:00,0.071,0.152,55.118,1532868.51893163
2013-09-24 16:00:00,2013-10-01 15:00:00,0.101,0.257,39.116,1087842.17472568
2013-10-01 15:00:00,2013-10-08 15:00:00,0.16,0.354,4.318,120086.473833354
2013-10-08 15:00:00,2013-10-15 15:00:00,0.498,1.021,7.62,211917.306764742
2013-10-15 15:00:00,2013-10-22 16:00:00,-9,-9,0.762,21191.7306764742
2013-10-22 16:00:00,2013-10-29 16:00:00,-9,-9,0,0
2013-10-29 16:00:00,2013-11-05 17:00:00,0.067,0.249,30.48,847669.227058968
2013-11-05 17:00:00,2013-11-12 17:00:00,0.047,0.25,55.626,1546996.33938262
2013-11-12 17:00:00,2013-11-19 17:00:00,0.073,0.35,46.228,1285631.66103943
2013-11-19 17:00:00,2013-11-26 17:00:00,0.184,0.319,3.302,91830.8329313882
2013-11-26 17:00:00,2013-12-03 17:00:00,0.032,0.17,35.814,996011.341794287
2013-12-03 17:00:00,2013-12-10 17:00:00,0.041,0.474,5.842,162469.935186302
2013-12-10 17:00:00,2013-12-17 17:00:00,0.168,0.745,8.128,226045.127215725
2013-12-17 17:00:00,2013-12-24 16:00:00,-9,-9,38.608,1073714.35427469
2013-12-24 16:00:00,2013-12-31 17:00:00,0.081,0.754,7.874,218981.216990233
2013-12-31 17:00:00,2014-01-07 17:00:00,0.061,0.192,26.162,727582.753225614
2014-01-07 17:00:00,2014-01-14 17:00:00,0.15,0.366,43.18,1200864.73833354
2014-01-14 17:00:00,2014-01-21 17:00:00,-9,-9,0,0
2014-01-21 17:00:00,2014-01-28 17:00:00,0.096,0.889,4.318,120086.473833354
2014-01-28 17:00:00,2014-02-04 17:00:00,0.037,0.228,14.224,395578.972627518
2014-02-04 17:00:00,2014-02-11 17:00:00,0.062,0.329,11.43,317875.960147113
2014-02-11 17:00:00,2014-02-18 17:00:00,0.076,0.159,38.1,1059586.53382371
2014-02-18 17:00:00,2014-02-25 17:00:00,0.057,0.258,17.272,480345.895333415
2014-02-25 17:00:00,2014-03-04 18:00:00,0.029,0.222,48.006,1335079.03261787
2014-03-04 18:00:00,2014-03-11 16:00:00,0.067,0.098,78.486,2182748.25967684
2014-03-11 16:00:00,2014-03-18 17:00:00,0.123,0.269,30.48,847669.227058968
2014-03-18 17:00:00,2014-03-25 16:00:00,0.163,0.448,14.986,416770.703303993
2014-03-25 16:00:00,2014-04-01 16:00:00,0.163,0.292,30.734,854733.137284459
2014-04-01 16:00:00,2014-04-08 16:00:00,0.338,0.349,6.096,169533.845411794
2014-04-08 16:00:00,2014-04-15 15:00:00,0.084,0.236,8.89,247236.857892199
2014-04-15 15:00:00,2014-04-22 16:00:00,0.275,0.327,27.94,777030.124804054
2014-04-22 16:00:00,2014-04-29 16:00:00,0.32,0.383,19.558,543921.087362838
2014-04-29 16:00:00,2014-05-06 16:00:00,0.258,0.501,17.78,494473.715784398
2014-05-06 16:00:00,2014-05-13 16:00:00,0.15,0.248,14.478,402642.88285301
2014-05-13 16:00:00,2014-05-20 15:00:00,-9,-9,0.508,14127.8204509828
2014-05-20 15:00:00,2014-05-27 16:00:00,-9,-9,1.016,28255.6409019656
2014-05-27 16:00:00,2014-06-03 16:00:00,0.268,0.545,19.812,550984.997588329
2014-06-03 16:00:00,2014-06-10 16:00:00,0.029,0.345,9.906,275492.498794165
2014-06-10 16:00:00,2014-06-17 17:00:00,0.093,0.299,53.594,1490485.05757869
2014-06-17 17:00:00,2014-06-24 19:00:00,0.046,0.25,58.42,1624699.35186302
2014-06-24 19:00:00,2014-07-01 18:00:00,0.135,0.329,27.686,769966.214578563
2014-07-01 18:00:00,2014-07-08 16:00:00,0.486,1.708,0.508,14127.8204509828
2014-07-08 16:00:00,2014-07-15 17:00:00,0.261,0.505,24.384,678135.381647174
2014-07-15 17:00:00,2014-07-22 18:00:00,0.311,0.875,1.27,35319.551127457
2014-07-22 18:00:00,2014-07-29 18:00:00,-9,-9,5.08,141278.204509828
2014-07-29 18:00:00,2014-08-05 16:00:00,0.316,0.765,7.366,204853.396539251
2014-08-05 16:00:00,2014-08-12 18:00:00,-9,-9,0,0
2014-08-12 18:00:00,2014-08-19 16:00:00,0.171,0.361,29.718,826477.496382494
2014-08-19 16:00:00,2014-08-26 19:00:00,0.204,0.709,18.542,515665.446460872
2014-08-26 19:00:00,2014-09-02 16:00:00,0.102,0.496,8.89,247236.857892199
2014-09-02 16:00:00,2014-09-09 16:00:00,0.084,0.368,6.858,190725.576088268
2014-09-09 16:00:00,2014-09-16 17:00:00,0.033,0.19,15.24,423834.613529484
2014-09-16 17:00:00,2014-09-23 16:00:00,-9,-9,1.27,35319.551127457
2014-09-23 16:00:00,2014-09-30 20:00:00,0.036,0.1,13.716,381451.152176536
2014-09-30 20:00:00,2014-10-07 16:00:00,0.152,0.469,9.398,261364.678343182
2014-10-07 16:00:00,2014-10-14 20:00:00,0.225,0.567,3.131,87075.2083307621
2014-10-14 20:00:00,2014-10-21 17:00:00,0.183,0.459,8.207,228242.170159874
2014-10-21 17:00:00,2014-10-28 18:00:00,0.081,0.15,27.432,762902.304353071
2014-10-28 18:00:00,2014-11-04 18:00:00,0.072,0.243,43.688,1214992.55878452
2014-11-04 18:00:00,2014-11-11 19:00:00,0.142,0.743,23.979,666872.060224639
2014-11-11 19:00:00,2014-11-18 18:00:00,-9,-9,0,0
2014-11-18 19:00:00,2014-11-25 20:00:00,0.079,0.255,30.235,840855.612865088
2014-11-25 20:00:00,2014-12-02 19:00:00,-9,-9,62.562,1739891.14774485
2014-12-02 19:00:00,2014-12-09 19:00:00,0.033,0.272,16.103,447835.221894047
2014-12-09 19:00:00,2014-12-16 19:00:00,0.067,0.19,9.267,257721.48054972
2014-12-16 19:00:00,2014-12-23 20:00:00,0.065,0.171,33.02,918308.329313882
2014-12-23 20:00:00,2014-12-30 19:00:00,0.021,0.105,50.292,1398654.2246473
2014-12-30 19:00:00,2015-01-06 19:00:00,-9,-9,65.532,1822488.83817678
2015-01-06 19:00:00,2015-01-13 18:00:00,-9,-9,3.556,98894.7431568796
2015-01-13 19:00:00,2015-01-20 18:00:00,-9,-9,27.686,769966.214578563
2015-01-20 18:00:00,2015-01-27 18:00:00,-9,-9,8.636,240172.947666708
2015-01-27 18:00:00,2015-02-03 18:00:00,-9,-9,8.382,233109.037441216
2015-02-03 18:00:00,2015-02-10 19:00:00,0.104,0.252,55.626,1546996.33938262
2015-02-10 19:00:00,2015-02-17 19:00:00,0.264,0.303,5.08,141278.204509828
2015-02-17 19:00:00,2015-02-24 18:00:00,0.565,1.409,4.826,134214.294284337
2015-02-24 18:00:00,2015-03-03 18:00:00,0.155,0.368,1.016,28255.6409019656
2015-03-03 18:00:00,2015-03-10 18:00:00,-9,-9,0,0
2015-03-10 18:00:00,2015-03-17 18:00:00,0.114,0.121,63.246,1758913.64614736
2015-03-17 18:00:00,2015-03-24 18:00:00,0.128,0.298,12.192,339067.690823587
2015-03-24 18:00:00,2015-03-31 18:00:00,0.208,0.42,17.272,480345.895333415
2015-03-31 18:00:00,2015-04-07 17:00:00,0.305,0.515,11.684,324939.870372604
2015-04-07 17:00:00,2015-04-14 18:00:00,-9,-9,5.842,162469.935186302
2015-04-14 18:00:00,2015-04-21 18:00:00,0.307,0.472,1.27,35319.551127457
2015-04-21 18:00:00,2015-04-28 17:00:00,0.66,1.68,0.762,21191.7306764742
2015-04-28 17:00:00,2015-05-05 16:00:00,-9,-9,0,0
2015-05-05 16:00:00,2015-05-12 16:00:00,0.326,0.286,14.732,409706.793078501
2015-05-12 16:00:00,2015-05-19 16:00:00,0.824,0.565,4.064,113022.563607862
2015-05-19 16:00:00,2015-05-26 21:00:00,-9,-9,0,0
2015-05-26 21:00:00,2015-06-02 15:00:00,0.202,0.659,26.416,734646.663451106
2015-06-02 15:00:00,2015-06-09 15:00:00,0.044,0.136,18.542,515665.446460872
2015-06-09 15:00:00,2015-06-16 16:00:00,-9,-9,0.508,14127.8204509828
2015-06-16 16:00:00,2015-06-23 16:00:00,-9,-9,0.254,7063.9102254914
2015-06-23 16:00:00,2015-06-30 15:00:00,-9,-9,0,0
2015-06-30 15:00:00,2015-07-07 17:00:00,-9,-9,2.54,70639.102254914
2015-07-07 17:00:00,2015-07-14 16:00:00,0.413,0.511,6.858,190725.576088268
2015-07-14 16:00:00,2015-07-21 15:00:00,0.18,0.479,1.524,42383.4613529484
2015-07-21 15:00:00,2015-07-28 17:00:00,-9,-9,3.81,105958.653382371
2015-07-28 17:00:00,2015-08-04 16:00:00,-9,-9,0,0
2015-08-04 16:00:00,2015-08-11 15:00:00,-9,-9,0,0
2015-08-11 15:00:00,2015-08-18 17:00:00,3.192,5.167,1.016,28255.6409019656
2015-08-18 17:00:00,2015-08-25 16:00:00,-9,-9,2.286,63575.1920294226
2015-08-25 16:00:00,2015-09-01 18:00:00,-9,-9,8.89,247236.857892199
2015-09-01 18:00:00,2015-09-08 15:00:00,0.131,0.254,25.146,699327.112323649
2015-09-08 15:00:00,2015-09-15 15:00:00,0.232,0.514,4.826,134214.294284337
2015-09-15 15:00:00,2015-09-22 15:00:00,0.469,0.794,3.302,91830.8329313882
2015-09-22 15:00:00,2015-09-29 15:00:00,-9,-9,0,0
2015-09-29 15:00:00,2015-10-06 17:00:00,-9,-9,0,0
2015-10-06 17:00:00,2015-10-13 17:00:00,-9,-9,4.064,113022.563607862
2015-10-13 17:00:00,2015-10-20 16:00:00,-9,-9,0,0
2015-10-20 16:00:00,2015-10-27 16:00:00,0.294,0.469,6.35,176597.755637285
2015-10-27 16:00:00,2015-11-03 17:00:00,0.103,0.168,51.054,1419845.95532377
2015-11-03 17:00:00,2015-11-10 16:00:00,0.261,0.53,10.16,282556.409019656
2015-11-10 16:00:00,2015-11-17 16:00:00,0.07,0.197,24.13,671071.471421683
2015-11-17 16:00:00,2015-11-24 17:00:00,0.113,0.6,23.622,656943.6509707
2015-11-24 17:00:00,2015-12-01 15:00:00,0.067,0.314,2.032,56511.2818039312
2015-12-01 15:00:00,2015-12-08 15:00:00,0.058,0.12,28.194,784094.035029545
2015-12-08 15:00:00,2015-12-15 17:00:00,0.03,0.074,53.594,1490485.05757869
2015-12-15 17:00:00,2015-12-22 18:00:00,-9,-9,51.816,1441037.68600025
2015-12-22 18:00:00,2015-12-29 16:00:00,0.029,0.41,28.702,798221.855480528
2015-12-29 16:00:00,2016-01-05 19:00:00,0.252,1.184,0.762,21191.7306764742
2016-01-05 19:00:00,2016-01-12 23:00:00,0.4,2.099,2.54,70639.102254914
2016-01-12 23:00:00,2016-01-19 17:00:00,0.082,0.323,32.004,890052.688411916
2016-01-19 17:00:00,2016-01-26 16:00:00,0.035,0.219,32.512,904180.508862899
2016-01-26 16:00:00,2016-02-02 16:00:00,0.051,0.207,29.21,812349.675931511
2016-02-02 16:00:00,2016-02-09 14:00:00,0.107,0.292,10.668,296684.229470639
2016-02-09 14:00:00,2016-02-16 16:00:00,0.091,0.217,39.116,1087842.17472568
2016-02-16 16:00:00,2016-02-23 22:00:00,0.128,0.272,27.94,777030.124804054
2016-02-23 22:00:00,2016-03-01 19:00:00,0.217,0.406,4.064,113022.563607862
2016-03-01 19:00:00,2016-03-08 15:00:00,0.174,0.266,23.114,642815.830519717
2016-03-08 15:00:00,2016-03-15 20:00:00,0.105,0.147,49.276,1370398.58374533
2016-03-15 20:00:00,2016-03-23 01:00:00,0.194,0.311,5.08,141278.204509828
2016-03-23 01:00:00,2016-03-29 20:00:00,0.125,0.235,28.956,805285.76570602
2016-03-29 20:00:00,2016-04-06 01:00:00,0.293,0.521,5.842,162469.935186302
2016-04-06 01:00:00,2016-04-12 17:00:00,-9,-9,0,0
2016-04-12 17:00:00,2016-04-19 18:00:00,0.489,0.484,10.922,303748.13969613
2016-04-19 18:00:00,2016-04-26 16:00:00,0.437,0.832,17.018,473281.985107924
2016-04-26 16:00:00,2016-05-03 17:00:00,-9,-9,0,0
2016-05-03 17:00:00,2016-05-10 15:00:00,0.142,0.372,10.668,296684.229470639
2016-05-10 15:00:00,2016-05-17 17:00:00,0.12,0.315,12.7,353195.51127457
2016-05-17 17:00:00,2016-05-25 01:00:00,0.037,0.108,135.128,3758000.23996142
2016-05-25 01:00:00,2016-05-31 16:00:00,0.272,0.649,8.89,247236.857892199
2016-05-31 16:00:00,2016-06-07 17:00:00,0.207,0.847,3.556,98894.7431568796
2016-06-07 17:00:00,2016-06-14 17:00:00,0.291,0.73,9.144,254300.76811769
2016-06-14 17:00:00,2016-06-21 21:00:00,0.281,0.379,30.48,847669.227058968
2016-06-21 21:00:00,2016-06-29 03:00:00,0.1,0.136,22.098,614560.189617752
2016-06-29 03:00:00,2016-07-05 18:00:00,-9,-9,0,0
2016-07-05 18:00:00,2016-07-12 14:00:00,0.189,0.286,27.686,769966.214578563
2016-07-12 14:00:00,2016-07-19 16:00:00,0.201,0.689,4.318,120086.473833354
2016-07-19 16:00:00,2016-07-26 14:00:00,-9,-9,0.508,14127.8204509828
2016-07-26 14:00:00,2016-08-02 15:00:00,-9,-9,1.016,28255.6409019656
2016-08-02 15:00:00,2016-08-09 16:00:00,0.408,0.609,12.192,339067.690823587
2016-08-09 16:00:00,2016-08-16 19:00:00,0.036,0.115,33.274,925372.239539373
2016-08-16 19:00:00,2016-08-23 17:00:00,0.164,0.321,3.556,98894.7431568796
2016-08-23 17:00:00,2016-08-30 18:00:00,-9,-9,0,0
2016-08-30 18:00:00,2016-09-06 15:00:00,0.319,0.491,6.096,169533.845411794
2016-09-06 15:00:00,2016-09-21 01:00:00,-9,-9,52.832,1469293.32690221
2016-09-21 01:00:00,2016-09-27 15:00:00,0.229,0.654,2.54,70639.102254914
2016-09-27 15:00:00,2016-10-04 17:00:00,0.577,0.582,9.652,268428.588568673
2016-10-04 17:00:00,2016-10-11 18:00:00,0.133,0.275,97.028,2698413.70613771
2016-10-11 18:00:00,2016-10-18 18:00:00,0.083,0.147,52.578,1462229.41667672
2016-10-18 18:00:00,2016-10-25 16:00:00,0.13,0.258,57.15,1589379.80073556
2016-10-25 16:00:00,2016-10-31 14:00:00,0.081,0.156,49.022,1363334.67351984
2016-10-31 14:00:00,2016-11-08 18:00:00,-9,-9,14.478,402642.88285301
2016-11-08 18:00:00,2016-11-15 20:00:00,0.12,0.231,22.098,614560.189617752
2016-11-15 20:00:00,2016-11-22 21:00:00,0.095,0.183,33.782,939500.059990356
2016-11-22 21:00:00,2016-11-30 02:00:00,0.208,0.453,8.636,240172.947666708
2016-11-30 02:00:00,2016-12-06 17:00:00,0.076,0.195,31.242,868860.957735442
2016-12-06 17:00:00,2016-12-13 17:00:00,0.031,0.158,27.686,769966.214578563
2016-12-13 17:00:00,2016-12-20 17:00:00,0.072,0.247,13.208,367323.331725553
2016-12-20 17:00:00,2016-12-27 17:00:00,0.046,0.298,21.336,593368.458941277
2016-12-27 17:00:00,2017-01-03 16:00:00,-9,-9,19.558,543921.087362838
2017-01-03 17:00:00,2017-01-10 18:00:00,0.032,0.361,27.178,755838.39412758
2017-01-10 19:00:00,2017-01-17 18:00:00,-9,-9,0.762,21191.7306764742
2017-01-17 18:00:00,2017-01-24 17:00:00,0.106,0.508,8.636,240172.947666708
2017-01-24 17:00:00,2017-01-31 19:00:00,0.055,1.173,1.524,42383.4613529484
2017-01-31 19:00:00,2017-02-07 19:00:00,-9,-9,40.64,1130225.63607862
2017-02-07 19:00:00,2017-02-14 14:00:00,0.018,0.092,41.91,1165545.18720608
2017-02-14 14:00:00,2017-02-21 14:00:00,0.037,0.188,32.512,904180.508862899
2017-02-21 14:00:00,2017-03-01 02:00:00,0.065,0.373,22.606,628688.010068735
2017-03-01 02:00:00,2017-03-07 15:00:00,0.169,0.476,31.242,868860.957735442
2017-03-07 15:00:00,2017-03-14 12:00:00,0.066,0.233,45.466,1264439.93036296
2017-03-14 12:00:00,2017-03-21 15:00:00,0.057,0.148,50.038,1391590.31442181
2017-03-21 15:00:00,2017-03-28 18:00:00,0.168,0.212,25.654,713454.932774631
2017-03-28 18:00:00,2017-04-05,0.156,0.198,25.146,699327.112323649
2017-04-05,2017-04-11 17:00:00,0.293,0.409,22.352,621624.099843243
2017-04-11 17:00:00,2017-04-19,0.297,0.443,24.13,671071.471421683
2017-04-19,2017-04-25 17:00:00,0.324,0.282,32.766,911244.419088391
2017-04-25 17:00:00,2017-05-03 02:00:00,0.142,0.286,39.624,1101969.99517666
2017-05-03 02:00:00,2017-05-09 17:00:00,0.231,0.455,9.652,268428.588568673
2017-05-09 17:00:00,2017-05-16 19:00:00,-9,-9,5.842,162469.935186302
2017-05-16 19:00:00,2017-05-23 16:00:00,0.356,0.792,0.762,21191.7306764742
2017-05-23 16:00:00,2017-05-30 14:00:00,0.047,0.099,12.954,360259.421500061
2017-05-30 14:00:00,2017-06-06 21:00:00,0.162,0.534,9.398,261364.678343182
2017-06-06 21:00:00,2017-06-13 17:00:00,-9,-9,12.954,360259.421500061
2017-06-13 17:00:00,2017-06-20 12:00:00,0.199,0.328,58.674,1631763.26208851
2017-06-20 12:00:00,2017-06-28 01:00:00,0.305,0.668,7.874,218981.216990233
2017-06-28 01:00:00,2017-07-04 13:00:00,0.195,0.62,1.016,28255.6409019656
2017-07-04 13:00:00,2017-07-11 13:00:00,-9,-9,0,0
2017-07-11 13:00:00,2017-07-18 19:00:00,4.572,5.535,0.254,7063.9102254914
2017-07-18 19:00:00,2017-07-25 18:00:00,-9,-9,0,0
2017-07-25 18:00:00,2017-08-01 13:00:00,-9,-9,0,0
2017-08-01 13:00:00,2017-08-08 16:00:00,-9,-9,1.016,28255.6409019656
2017-08-08 16:00:00,2017-08-15 15:00:00,-9,-9,4.981,138524.948162097
2017-08-15 15:00:00,2017-08-22 13:00:00,-9,-9,0.025,695.2667544775
2017-08-22 13:00:00,2017-08-30,0.666,0.769,2.032,56511.2818039312
2017-08-30,2017-09-05 16:00:00,-9,-9,0,0
2017-09-05 16:00:00,2017-09-12 17:00:00,-9,-9,0,0
2017-09-12 17:00:00,2017-09-19 16:00:00,0.443,0.357,12.192,339067.690823587
2017-09-19 16:00:00,2017-09-27,0.271,0.289,23.114,642815.830519717
2017-09-27,2017-10-03 20:00:00,0.275,0.248,9.906,275492.498794165
2017-10-03 20:00:00,2017-10-09 15:00:00,0.136,0.258,5.588,155406.024960811
2017-10-09 15:00:00,2017-10-17 20:00:00,-9,-9,17.526,487409.805558907
2017-10-17 20:00:00,2017-10-24 16:00:00,0.072,0.102,51.562,1433973.77577475
2017-10-24 16:00:00,2017-10-31 16:00:00,0.22,0.853,1.778,49447.3715784398
2017-10-31 16:00:00,2017-11-07 20:00:00,-9,-9,33.782,939500.059990356
2017-11-07 20:00:00,2017-11-15 01:00:00,0.11,0.356,10.922,303748.13969613
2017-11-15 02:00:00,2017-11-23,0.065,0.155,47.752,1328015.12239238
2017-11-23,2017-11-28 19:00:00,0.063,0.082,36.068,1003075.25201978
2017-11-28 19:00:00,2017-12-06,0.089,0.31,12.53,348467.697344123
2017-12-06,2017-12-12 15:00:00,-9,-9,0.018,500.5920632238
2017-12-12 15:00:00,2017-12-19 16:00:00,0.059,0.13,33.782,939500.059990356
2017-12-19 16:00:00,2017-12-26 18:00:00,-9,-9,60.96,1695338.45411794
2017-12-26 18:00:00,2018-01-02 14:00:00,0.052,0.313,82.042,2281643.00283372
2018-01-02 14:00:00,2018-01-09 19:00:00,0.058,0.237,20.32,565112.818039312
2018-01-09 19:00:00,2018-01-16 21:00:00,0.059,0.445,42.926,1193800.82810805
2018-01-16 21:00:00,2018-01-23 18:00:00,0.084,0.302,6.19,172148.048408629
2018-01-23 18:00:00,2018-01-30 20:00:00,0.059,0.217,61.468,1709466.27456892
2018-01-30 20:00:00,2018-02-07 01:00:00,-9,-9,45.72,1271503.84058845
2018-02-07 01:00:00,2018-02-14 02:00:00,-9,-9,37.084,1031330.89292174
2018-02-14 02:00:00,2018-02-21 02:00:00,-9,-9,77.724,2161556.52900037
2018-02-21 02:00:00,2018-03-02 03:00:00,-9,-9,24.638,685199.291872666
2018-03-02 03:00:00,2018-03-07 01:00:00,-9,-9,10.922,303748.13969613
2018-03-07 01:00:00,2018-03-13 18:00:00,-9,-9,13.462,374387.241951044
2018-03-13 18:00:00,2018-03-21,-9,-9,11.43,317875.960147113
2018-03-21,2018-03-27 16:00:00,-9,-9,14.986,416770.703303993
2018-03-27 16:00:00,2018-04-03 17:00:00,-9,-9,25.654,713454.932774631
2018-04-03 17:00:00,2018-04-10 18:00:00,-9,-9,19.05,529793.266911855
2018-04-10 18:00:00,2018-04-17 16:00:00,-9,-9,34.544,960691.79066683
2018-04-17 16:00:00,2018-04-24 18:00:00,0.411,1.181,3.381,94027.8758755371
2018-04-24 18:00:00,2018-05-01 18:00:00,0.755,0.67,3.81,105958.653382371
2018-05-01 18:00:00,2018-05-08 18:00:00,-9,-9,2.517,69999.4568407947
2018-05-08 18:00:00,2018-05-16,0.956,0.449,15.24,423834.613529484
2018-05-16,2018-05-22 17:00:00,-9,-9,3.302,91830.8329313882
2018-05-22 17:00:00,2018-05-29 14:00:00,0.168,0.391,17.78,494473.715784398
2018-05-29 14:00:00,2018-06-05 16:00:00,0.163,0.678,16.256,452090.25443145
2018-06-05 16:00:00,2018-06-13 03:00:00,0.198,0.382,20.066,558048.907813821
2018-06-13 03:00:00,2018-06-26 16:00:00,-9,-9,13.208,367323.331725553
2018-06-26 16:00:00,2018-07-04 02:00:00,0.353,0.465,5.842,162469.935186302
2018-07-04 02:00:00,2018-07-10 17:00:00,-9,-9,0,0
2018-07-10 17:00:00,2018-07-17 21:00:00,-9,-9,0,0
2018-07-17 21:00:00,2018-07-24 18:00:00,-9,-9,0,0
2018-07-24 18:00:00,2018-08-01 15:00:00,0.306,0.633,9.906,275492.498794165
2018-08-01 15:00:00,2018-08-07 17:00:00,-9,-9,0,0
2018-08-07 17:00:00,2018-08-14 19:00:00,-9,-9,0,0
2018-08-14 19:00:00,2018-08-21 15:00:00,-9,-9,1.524,42383.4613529484
2018-08-21 15:00:00,2018-08-28 16:00:00,0.585,0.429,10.414,289620.319245147
2018-08-28 16:00:00,2018-09-04 17:00:00,-9,-9,0,0
2018-09-04 17:00:00,2018-09-11 23:00:00,-9,-9,0,0
2018-09-11 23:00:00,2018-09-18 19:00:00,0.417,0.831,4.599,127901.272153681
2018-09-18 19:00:00,2018-09-25 18:00:00,0.441,0.8,4.826,134214.294284337
2018-09-25 18:00:00,2018-10-02 17:00:00,-9,-9,22.352,621624.099843243
2018-10-02 17:00:00,2018-10-09 19:00:00,0.106,0.325,12.7,353195.51127457
2018-10-09 19:00:00,2018-10-16 15:00:00,-9,-9,0,0
2018-10-16 15:00:00,2018-10-24,-9,-9,0,0
2018-10-24,2018-10-30 14:00:00,-9,-9,NA,NA
2018-10-30 14:00:00,2018-11-07 03:00:00,0.131,0.356,54.569,1517600.46100331
2018-11-07 03:00:00,2018-11-13 13:00:00,0.203,0.634,10.801,300383.048604459
2018-11-13 13:00:00,2018-11-20 13:00:00,-9,-9,5.08,141278.204509828
2018-11-20 13:00:00,2018-11-27 14:00:00,0.231,0.697,2.794,77703.0124804054
2018-11-27 14:00:00,2018-12-04 13:00:00,0.153,0.834,8.128,226045.127215725
2018-12-04 13:00:00,2018-12-11 14:00:00,0.231,0.761,2.286,63575.1920294226
2018-12-11 14:00:00,2018-12-18 13:00:00,0.056,0.268,15.046,418439.343514739
2018-12-18 13:00:00,2019-01-29 14:00:00,-9,-9,124.206,3454252.10026529
2019-01-29 14:00:00,2019-02-05 14:00:00,-9,-9,15.748,437962.433980467
2019-02-05 14:00:00,2019-02-12 14:00:00,-9,-9,26.162,727582.753225614
2019-02-12 14:00:00,2019-02-19 17:00:00,-9,-9,29.718,826477.496382494
2019-02-19 17:00:00,2019-02-26 17:00:00,-9,-9,13.462,374387.241951044
2019-02-26 17:00:00,2019-03-05 22:00:00,-9,-9,4.016,111687.651439266
2019-03-05 22:00:00,2019-03-12 19:00:00,-9,-9,0.297,8259.7690431927
2019-03-12 19:00:00,2019-03-19 21:00:00,0.061,0.274,14.052,390795.537356713
2019-03-19 21:00:00,2019-03-26 15:00:00,-9,-9,2.453,68219.5739493323
2019-03-26 15:00:00,2019-04-02 12:00:00,-9,-9,2.658,73920.7613360478
2019-04-02 12:00:00,2019-04-09 16:00:00,0.176,0.298,30.207,840076.914100074
2019-04-09 16:00:00,2019-04-16 12:00:00,0.213,0.476,21.497,597845.976840113
2019-04-16 12:00:00,2019-04-24,0.371,1.134,13.171,366294.336928926
2019-04-24,2019-04-30 12:00:00,-9,-9,8.333,231746.31460244
2019-04-30 12:00:00,2019-05-07 16:00:00,0.221,0.35,12.709,353445.807306182
2019-05-07 16:00:00,2019-05-14 11:00:00,-9,-9,0.389,10818.3506996699
2019-05-14 11:00:00,2019-05-21 11:00:00,-9,-9,9.9,275325.63477309
2019-05-21 11:00:00,2019-05-28 11:00:00,-9,-9,0.762,21191.7306764742
2019-05-28 11:00:00,2019-06-04 11:00:00,-9,-9,0,0
2019-06-04 11:00:00,2019-06-11 15:00:00,-9,-9,48.514,1349206.85306886
2019-06-11 15:00:00,2019-06-18 12:00:00,-9,-9,2.794,77703.0124804054
2019-06-18 12:00:00,2019-06-25 16:00:00,-9,-9,42.418,1179673.00765706
2019-06-25 16:00:00,2019-07-02 17:00:00,0.186,0.5,11.938,332003.780598096
2019-07-02 17:00:00,2019-07-09 17:00:00,0.197,0.33,28.448,791157.945255037
2019-07-09 17:00:00,2019-07-16 16:00:00,0.185,0.343,14.986,416770.703303993
2019-07-16 16:00:00,2019-07-23 13:00:00,-9,-9,5.08,141278.204509828
2019-07-23 13:00:00,2019-07-30 13:00:00,-9,-9,0.508,14127.8204509828
2019-07-30 13:00:00,2019-08-06 16:00:00,-9,-9,0,0
2019-08-06 16:00:00,2019-08-13 13:00:00,0.378,0.594,13.716,381451.152176536
2019-08-13 13:00:00,2019-08-20 13:00:00,0.189,0.397,11.684,324939.870372604
2019-08-20 13:00:00,2019-08-27 20:00:00,0.321,0.717,6.096,169533.845411794
2019-08-27 20:00:00,2019-09-03 13:00:00,0.103,0.271,1.778,49447.3715784398
2019-09-03 13:00:00,2019-09-10 13:00:00,0.122,0.268,35.56,988947.431568796
2019-09-10 13:00:00,2019-09-17 16:00:00,0.681,0.946,1.27,35319.551127457
2019-09-17 16:00:00,2019-09-24 16:00:00,0.178,0.338,18.288,508601.536235381
2019-09-24 16:00:00,2019-10-01 21:00:00,0.137,0.392,14.986,416770.703303993
2019-10-01 21:00:00,2019-10-09,-9,-9,27.432,762902.304353071
2019-10-09,2019-10-15 16:00:00,-9,-9,2.54,70639.102254914
2019-10-15 16:00:00,2019-10-22 16:00:00,-9,-9,15.253,424196.152241812
2019-10-22 16:00:00,2019-10-29 18:00:00,-9,-9,9.906,275492.498794165
2019-10-29 18:00:00,2019-11-12 18:00:00,-9,-9,5.08,141278.204509828
2019-11-12 18:00:00,2019-11-19 13:00:00,-9,-9,18.542,515665.446460872
2019-11-19 13:00:00,2019-11-26 13:00:00,-9,-9,22.606,628688.010068735
2019-11-26 13:00:00,2019-12-03 19:00:00,-9,-9,7.366,204853.396539251
2019-12-03 19:00:00,2019-12-10 13:00:00,-9,-9,22.098,614560.189617752
2019-12-10 13:00:00,2019-12-17 12:00:00,-9,-9,19.304,536857.177137346
2019-12-17 12:00:00,2019-12-24 13:00:00,-9,-9,24.638,685199.291872666
2019-12-24 13:00:00,2019-12-31 12:00:00,-9,-9,2.794,77703.0124804054
2019-12-31 12:00:00,2020-01-07 12:00:00,0.045,0.115,51.308,1426909.86554926
2020-01-07 12:00:00,2020-01-14 12:00:00,0.06,0.256,36.322,1010139.16224527
2020-01-14 12:00:00,2020-01-21 12:00:00,0.085,0.691,13.716,381451.152176536
2020-01-21 12:00:00,2020-02-04 12:00:00,-9,-9,47.244,1313887.3019414
2020-02-04 12:00:00,2020-02-11 12:00:00,0.126,0.554,10.414,289620.319245147
2020-02-11 12:00:00,2020-02-18 17:00:00,0.274,0.923,18.034,501537.626009889
2020-02-18 17:00:00,2020-02-25 12:00:00,0.173,0.456,8.12,225822.641854292
2020-02-25 12:00:00,2020-03-03 12:00:00,-9,-9,2.811,78175.7938734501
2020-03-03 12:00:00,2020-03-10 11:00:00,-9,-9,0.802,22304.1574836382
2020-03-10 11:00:00,2020-03-17 12:00:00,0.315,0.558,6.476,180101.900079852
2020-03-17 12:00:00,2020-03-24 12:00:00,0.161,0.431,3.823,106320.192094699
2020-03-24 12:00:00,2020-03-31 17:00:00,0.352,0.478,18.288,508601.536235381
2020-03-31 17:00:00,2020-04-07 16:00:00,0.248,0.454,33.02,918308.329313882
2020-04-07 16:00:00,2020-04-14 18:00:00,-9,-9,0,0
2020-04-14 18:00:00,2020-04-21 18:00:00,0.253,0.493,6.096,169533.845411794
2020-04-21 18:00:00,2020-04-28 15:00:00,0.318,0.482,19.558,543921.087362838
2020-04-28 15:00:00,2020-05-05 15:00:00,0.153,0.204,5.08,141278.204509828
2020-05-05 15:00:00,2020-05-12 15:00:00,0.186,0.361,13.716,381451.152176536
2020-05-12 15:00:00,2020-05-19 15:00:00,0.111,0.205,22.352,621624.099843243
2020-05-19 15:00:00,2020-05-26 18:00:00,0.085,0.163,39.116,1087842.17472568
2020-05-26 18:00:00,2020-06-02 16:00:00,0.268,0.443,19.304,536857.177137346
2020-06-02 16:00:00,2020-06-09 15:00:00,0.078,0.237,48.768,1356270.76329435
2020-06-09 15:00:00,2020-06-16 16:00:00,-9,-9,10.16,282556.409019656
2020-06-16 16:00:00,2020-06-23 16:00:00,0.039,0.193,17.018,473281.985107924
2020-06-23 16:00:00,2020-06-30 16:00:00,0.193,0.35,29.21,812349.675931511
2020-06-30 16:00:00,2020-07-07 16:00:00,0.11,0.317,24.892,692263.202098157
2020-07-07 16:00:00,2020-07-14 17:00:00,0.323,0.521,23.368,649879.740745209
2020-07-14 17:00:00,2020-07-21 16:00:00,0.132,0.449,0.762,21191.7306764742
2020-07-21 16:00:00,2020-07-28 16:00:00,-9,-9,0,0
2020-07-28 16:00:00,2020-08-04 17:00:00,0.905,1.149,1.778,49447.3715784398
2020-08-04 17:00:00,2020-08-11 17:00:00,0.409,0.847,5.08,141278.204509828
2020-08-11 17:00:00,2020-08-18 16:00:00,-9,-9,0,0
2020-08-18 16:00:00,2020-08-25 17:00:00,-9,-9,0,0
2020-08-25 17:00:00,2020-09-01 16:00:00,0.24,0.582,1.016,28255.6409019656
2020-09-01 16:00:00,2020-09-08 17:00:00,-9,-9,0.254,7063.9102254914
2020-09-08 17:00:00,2020-09-15 23:00:00,-9,-9,0,0
2020-09-15 23:00:00,2020-09-29 16:00:00,-9,-9,33.782,939500.059990356
2020-09-29 16:00:00,2020-10-06 16:00:00,-9,-9,0,0
2020-10-06 16:00:00,2020-10-13 18:00:00,0.075,0.141,37.084,1031330.89292174
2020-10-13 18:00:00,2020-10-20 18:00:00,0.105,0.227,69.342,1928447.49155915
2020-10-20 18:00:00,2020-10-27 12:00:00,0.237,0.491,14.478,402642.88285301
2020-10-27 12:00:00,2020-11-03 16:00:00,-9,-9,1.016,28255.6409019656
2020-11-03 16:00:00,2020-11-10 18:00:00,0.09,0.133,52.324,1455165.50645123
2020-11-10 18:00:00,2020-11-17 13:00:00,0.058,0.242,50.038,1391590.31442181
2020-11-17 13:00:00,2020-11-24 22:00:00,0.084,0.194,9.906,275492.498794165
2020-11-24 22:00:00,2020-12-01 12:00:00,0.264,0.707,4.212,117138.542794369
2020-12-01 12:00:00,2020-12-08 19:00:00,-9,-9,0,0
2020-12-08 19:00:00,2020-12-15 18:00:00,0.184,0.775,3.048,84766.9227058968
2020-12-15 18:00:00,2020-12-22 17:00:00,0.058,0.199,46.482,1292695.57126493
2020-12-22 17:00:00,2020-12-29 12:00:00,0.039,0.184,13.97,388515.062402027
2020-12-29 12:00:00,2021-01-05 12:00:00,0.047,0.129,29.21,812349.675931511
2021-01-05 12:00:00,2021-01-12 12:00:00,0.094,0.591,7.62,211917.306764742
2021-01-12 12:00:00,2021-01-19 12:00:00,0.022,0.068,46.736,1299759.48149042
2021-01-19 12:00:00,2021-01-26 17:00:00,-9,-9,0,0
2021-01-26 17:00:00,2021-02-02 12:00:00,0.095,0.386,13.97,388515.062402027
2021-02-02 12:00:00,2021-02-09 12:00:00,0.096,0.312,34.29,953627.880441339
2021-02-09 12:00:00,2021-02-16 12:00:00,0.022,0.216,2.286,63575.1920294226
2021-02-16 12:00:00,2021-02-23 12:00:00,0.14,0.284,22.86,635751.920294226
2021-02-23 12:00:00,2021-03-02 12:00:00,0.116,0.292,13.716,381451.152176536
2021-03-02 12:00:00,2021-03-09 12:00:00,-9,-9,0,0
2021-03-09 12:00:00,2021-03-16 16:00:00,-9,-9,0,0
2021-03-16 16:00:00,2021-03-23 16:00:00,0.327,0.366,10.922,303748.13969613
2021-03-23 16:00:00,2021-03-30 17:00:00,0.121,0.262,12.192,339067.690823587
2021-03-30 17:00:00,2021-04-06 16:00:00,0.13,0.268,3.302,91830.8329313882
2021-04-06 16:00:00,2021-04-13 16:00:00,0.492,0.667,3.556,98894.7431568796
2021-04-13 16:00:00,2021-04-20 16:00:00,0.281,0.414,2.54,70639.102254914
2021-04-20 16:00:00,2021-04-27 16:00:00,0.25,0.288,26.162,727582.753225614
2021-04-27 16:00:00,2021-05-04 17:00:00,0.257,0.345,3.302,91830.8329313882
2021-05-04 17:00:00,2021-05-11 17:00:00,0.253,0.428,8.89,247236.857892199
2021-05-11 17:00:00,2021-05-18 16:00:00,-9,-9,6.858,190725.576088268
2021-05-18 16:00:00,2021-05-25 12:00:00,0.106,0.199,29.972,833541.406607985
2021-05-25 12:00:00,2021-06-01 17:00:00,0.164,0.255,6.35,176597.755637285
2021-06-01 17:00:00,2021-06-08 21:00:00,-9,-9,2.032,56511.2818039312
2021-06-08 21:00:00,2021-06-15 19:00:00,0.364,0.545,39.37,1094906.08495117
2021-06-15 19:00:00,2021-06-22 12:00:00,0.054,0.226,12.192,339067.690823587
2021-06-22 12:00:00,2021-06-29 19:00:00,0.078,0.311,12.446,346131.601049079
2021-06-29 19:00:00,2021-07-07 12:00:00,-9,-9,3.556,98894.7431568796
2021-07-07 12:00:00,2021-07-13 21:00:00,-9,-9,0,0
2021-07-13 21:00:00,2021-07-20 17:00:00,-9,-9,0,0
2021-07-20 17:00:00,2021-07-27 16:00:00,-9,-9,0,0
2021-07-27 16:00:00,2021-08-03 22:00:00,1.054,1.054,2.032,56511.2818039312
2021-08-03 22:00:00,2021-08-10 17:00:00,0.181,0.324,22.86,635751.920294226
2021-08-10 17:00:00,2021-08-17 11:00:00,-9,-9,0,0
2021-08-17 11:00:00,2021-08-24 17:00:00,1.546,1.41,7.874,218981.216990233
2021-08-24 17:00:00,2021-08-31 22:00:00,0.329,0.464,10.414,289620.319245147
2021-08-31 22:00:00,2021-09-07 20:00:00,-9,-9,0,0
2021-09-07 20:00:00,2021-09-14 16:00:00,0.692,0.724,19.558,543921.087362838
2021-09-14 16:00:00,2021-09-21 19:00:00,0.278,0.426,19.558,543921.087362838
2021-09-21 19:00:00,2021-09-28 11:00:00,-9,-9,0,0
2021-09-28 11:00:00,2021-10-05 17:00:00,0.199,0.31,5.08,141278.204509828
2021-10-05 17:00:00,2021-10-12 17:00:00,-9,-9,2.032,56511.2818039312
2021-10-12 17:00:00,2021-10-19 17:00:00,-9,-9,2.032,56511.2818039312
2021-10-19 17:00:00,2021-10-26 18:00:00,0.071,0.163,38.862,1080778.26450018
2021-10-26 18:00:00,2021-11-02 16:00:00,0.06,0.102,56.642,1575251.98028458
2021-11-02 16:00:00,2021-11-09 18:00:00,0.115,0.28,19.558,543921.087362838
2021-11-09 18:00:00,2021-11-16 18:00:00,0.027,0.114,48.514,1349206.85306886
2021-11-16 18:00:00,2021-11-23 18:00:00,0.043,0.233,12.7,353195.51127457
2021-11-23 18:00:00,2021-11-30 18:00:00,0.083,0.159,51.308,1426909.86554926
2021-11-30 18:00:00,2021-12-07 16:00:00,0.046,0.186,38.608,1073714.35427469
2021-12-07 16:00:00,2021-12-14 19:00:00,0.116,0.272,31.75,882988.778186425
2021-12-14 19:00:00,2021-12-21 22:00:00,-9,-9,46.228,1285631.66103943
2021-12-21 22:00:00,2021-12-28 18:00:00,0.132,0.546,38.862,1080778.26450018
2021-12-28 18:00:00,2022-01-04 18:00:00,0.12,0.394,8.636,240172.947666708
2022-01-04 18:00:00,2022-01-11 17:00:00,0.042,0.268,50.038,1391590.31442181
2022-01-11 17:00:00,2022-01-18 15:00:00,0.052,0.183,19.558,543921.087362838
2022-01-18 15:00:00,2022-01-25 17:00:00,0.055,0.151,20.066,558048.907813821
2022-01-25 17:00:00,2022-02-02,0.174,0.797,13.716,381451.152176536
2022-02-02,2022-02-08 16:00:00,0.235,0.976,11.938,332003.780598096
2022-02-08 16:00:00,2022-02-15 17:00:00,0.175,0.388,2.286,63575.1920294226
2022-02-15 17:00:00,2022-02-22 17:00:00,0.122,0.242,57.658,1603507.62118655
2022-02-22 17:00:00,2022-03-01 17:00:00,0.016,0.066,70.866,1970830.9529121
2022-03-01 17:00:00,2022-03-08 23:00:00,0.114,0.174,51.308,1426909.86554926
2022-03-08 23:00:00,2022-03-15 17:00:00,0.144,0.327,16.256,452090.25443145
2022-03-15 17:00:00,2022-03-22 22:00:00,0.207,0.3,10.16,282556.409019656
2022-03-22 22:00:00,2022-03-29 17:00:00,0.552,0.69,1.27,35319.551127457
2022-03-29 17:00:00,2022-04-05 16:00:00,0.175,0.273,14.732,409706.793078501
2022-04-05 16:00:00,2022-04-12 16:00:00,0.098,0.23,5.842,162469.935186302
2022-04-12 16:00:00,2022-04-19 16:00:00,0.199,0.3,13.208,367323.331725553
2022-04-19 16:00:00,2022-04-26 15:00:00,0.165,0.244,6.858,190725.576088268
2022-04-26 15:00:00,2022-05-03 22:00:00,0.295,0.438,2.794,77703.0124804054
2022-05-03 22:00:00,2022-05-10 16:00:00,0.207,0.225,33.528,932436.149764865
2022-05-10 16:00:00,2022-05-17 23:00:00,-9,-9,3.556,98894.7431568796
2022-05-17 23:00:00,2022-05-24 17:00:00,0.124,0.173,17.272,480345.895333415
2022-05-24 17:00:00,2022-05-31 22:00:00,0.143,0.19,23.368,649879.740745209
2022-05-31 22:00:00,2022-06-07 15:00:00,0.205,0.247,25.908,720518.843000123
2022-06-07 15:00:00,2022-06-14 16:00:00,0.064,0.15,103.632,2882075.37200049
2022-06-14 16:00:00,2022-06-21 16:00:00,0.071,0.19,68.58,1907255.76088268
2022-06-21 16:00:00,2022-06-28 16:00:00,-9,-9,0,0
2022-06-28 16:00:00,2022-07-05 17:00:00,0.243,0.525,12.7,353195.51127457
2022-07-05 17:00:00,2022-07-12 19:00:00,0.946,3.865,0.762,21191.7306764742
2022-07-12 19:00:00,2022-07-19 17:00:00,-9,-9,5.588,155406.024960811
2022-07-19 17:00:00,2022-07-26 17:00:00,0.267,0.284,2.286,63575.1920294226
2022-07-26 17:00:00,2022-08-02 17:00:00,-9,-9,0,0
2022-08-02 17:00:00,2022-08-09 16:00:00,-9,-9,0,0
2022-08-09 16:00:00,2022-08-16 16:00:00,-9,-9,0.254,7063.9102254914
2022-08-16 16:00:00,2022-08-23 17:00:00,-9,-9,0.508,14127.8204509828
2022-08-23 17:00:00,2022-08-30 15:00:00,0.199,0.357,7.366,204853.396539251
2022-08-30 15:00:00,2022-09-06 18:00:00,-9,-9,0,0
2022-09-06 18:00:00,2022-09-13 16:00:00,-9,-9,0.508,14127.8204509828
2022-09-13 16:00:00,2022-09-20 16:00:00,-9,-9,0,0
2022-09-20 16:00:00,2022-09-27 16:00:00,0.093,0.164,24.13,671071.471421683
2022-09-27 16:00:00,2022-10-04 16:00:00,-9,-9,4.318,120086.473833354
2022-10-04 16:00:00,2022-10-18 18:00:00,-9,-9,2.286,63575.1920294226
2022-10-18 18:00:00,2022-10-25 16:00:00,0.283,0.403,31.75,882988.778186425
2022-10-25 16:00:00,2022-11-01 16:00:00,0.109,0.206,22.098,614560.189617752
2022-11-01 16:00:00,2022-11-08 16:00:00,0.1,0.31,49.53,1377462.49397082
2022-11-08 16:00:00,2022-11-16 16:00:00,0.014,0.998,1.27,35319.551127457
2022-11-16 16:00:00,2022-11-22 17:00:00,0.554,1.001,0.254,7063.9102254914
2022-11-22 17:00:00,2022-11-29 16:00:00,0.092,0.395,18.796,522729.356686364
2022-11-29 16:00:00,2022-12-06 21:00:00,0.031,0.205,21.59,600432.369166769
2022-12-06 21:00:00,2022-12-13 17:00:00,0.18,0.566,3.81,105958.653382371
2022-12-13 17:00:00,2022-12-20 17:00:00,0.043,0.581,13.97,388515.062402027
2022-12-20 17:00:00,2022-12-27 21:00:00,0.014,0.173,78.232,2175684.34945135
2022-12-27 21:00:00,2023-01-03 19:00:00,0.045,0.206,13.716,381451.152176536
2023-01-03 19:00:00,2023-01-10 19:00:00,0.072,0.349,3.81,105958.653382371
2023-01-10 19:00:00,2023-01-17 20:00:00,0.063,0.238,5.08,141278.204509828
2023-01-17 20:00:00,2023-01-24 16:00:00,0.146,0.785,1.016,28255.6409019656
2023-01-24 16:00:00,2023-01-31 18:00:00,0.06,0.218,5.842,162469.935186302
2023-01-31 18:00:00,2023-02-07 19:00:00,0.15,1.029,5.334,148342.114735319
2023-02-07 19:00:00,2023-02-14 18:00:00,0.073,0.221,10.668,296684.229470639
2023-02-14 18:00:00,2023-02-21 20:00:00,0.144,0.267,41.402,1151417.3667551
2023-02-21 20:00:00,2023-03-01 18:00:00,0.091,0.321,12.954,360259.421500061
2023-03-01 18:00:00,2023-03-08 01:00:00,-9,-9,7.62,211917.306764742
2023-03-08 01:00:00,2023-03-28 17:00:00,-9,-9,4.251,118223.158931354
2023-03-28 17:00:00,2023-04-04 16:00:00,0.153,0.279,1.778,49447.3715784398
2023-04-04 16:00:00,2023-04-11 21:00:00,0.208,0.336,6.858,190725.576088268
2023-04-11 21:00:00,2023-04-18 16:00:00,0.257,0.478,3.556,98894.7431568796
2023-04-18 16:00:00,2023-04-25 16:00:00,0.293,0.496,16.764,466218.074882432
2023-04-25 16:00:00,2023-05-02 16:00:00,-9,-9,0,0
2023-05-02 16:00:00,2023-05-09 20:00:00,-9,-9,25.908,720518.843000123
2023-05-09 20:00:00,2023-05-23 22:00:00,-9,-9,5.842,162469.935186302
2023-05-23 22:00:00,2023-05-30 22:00:00,0.247,0.427,7.366,204853.396539251
2023-05-30 22:00:00,2023-06-06 21:00:00,-9,-9,0.508,14127.8204509828
2023-06-06 21:00:00,2023-06-13 22:00:00,0.018,0.271,13.208,367323.331725553
2023-06-13 22:00:00,2023-06-20 18:00:00,0.206,0.411,34.036,946563.970215848
2023-06-20 18:00:00,2023-07-04 22:00:00,-9,-9,2.794,77703.0124804054
2023-07-04 22:00:00,2023-07-11 14:00:00,-9,-9,1.016,28255.6409019656
2023-07-11 14:00:00,2023-07-18 17:00:00,1.243,1.938,0.762,21191.7306764742
2023-07-18 17:00:00,2023-07-25 19:00:00,-9,-9,0.254,7063.9102254914
2023-07-25 19:00:00,2023-08-01 22:00:00,-9,-9,0,0
2023-08-01 22:00:00,2023-08-08 21:00:00,-9,-9,0,0
2023-08-08 21:00:00,2023-08-15 17:00:00,0.239,0.415,7.366,204853.396539251
2023-08-15 17:00:00,2023-08-22 20:00:00,0.031,0.076,26.67,741710.573676597
2023-08-22 21:00:00,2023-08-29 22:00:00,-9,-9,26.416,734646.663451106
2023-08-29 22:00:00,2023-09-05 20:00:00,0.049,0.123,62.484,1737721.91547088
2023-09-05 20:00:00,2023-09-12 17:00:00,0.248,0.77,0.508,14127.8204509828
2023-09-12 17:00:00,2023-09-19 18:00:00,-9,-9,0,0
2023-09-19 18:00:00,2023-09-26 21:00:00,0.249,0.556,5.588,155406.024960811
2023-09-26 21:00:00,2023-10-03 19:00:00,0.16,0.347,27.94,777030.124804054
2023-10-03 19:00:00,2023-10-10 17:00:00,-9,-9,0,0
2023-10-10 17:00:00,2023-10-17 16:00:00,-9,-9,17.526,487409.805558907
2023-10-17 16:00:00,2023-10-24 21:00:00,0.194,0.629,17.272,480345.895333415
2023-10-24 21:00:00,2023-10-31 17:00:00,0.061,0.418,1.524,42383.4613529484
2023-10-31 17:00:00,2023-11-07 17:00:00,0.025,0.163,70.104,1949639.22223563
2023-11-07 17:00:00,2023-11-14 18:00:00,0.166,0.363,10.668,296684.229470639
